Terminals unused in grammar

    slash
    slosh
    unrecognized


Grammar

    0 $accept: TPTP_file $end

    1 TPTP_file: nothing
    2          | TPTP_file TPTP_input

    3 TPTP_input: annotated_formula
    4           | include

    5 annotated_formula: thf_annotated
    6                  | tff_annotated
    7                  | tcf_annotated
    8                  | fof_annotated
    9                  | cnf_annotated
   10                  | tpi_annotated

   11 tpi_annotated: _LIT_tpi LPAREN name COMMA formula_role COMMA tpi_formula annotations RPAREN PERIOD

   12 tpi_formula: fof_formula

   13 thf_annotated: _LIT_thf LPAREN name COMMA formula_role COMMA thf_formula annotations RPAREN PERIOD

   14 tff_annotated: _LIT_tff LPAREN name COMMA formula_role COMMA tff_formula annotations RPAREN PERIOD

   15 tcf_annotated: _LIT_tcf LPAREN name COMMA formula_role COMMA tcf_formula annotations RPAREN PERIOD

   16 fof_annotated: _LIT_fof LPAREN name COMMA formula_role COMMA fof_formula annotations RPAREN PERIOD

   17 cnf_annotated: _LIT_cnf LPAREN name COMMA formula_role COMMA cnf_formula annotations RPAREN PERIOD

   18 annotations: COMMA source optional_info
   19            | nothing

   20 formula_role: lower_word
   21             | lower_word MINUS general_term

   22 thf_formula: thf_logic_formula
   23            | thf_atom_typing
   24            | thf_subtype

   25 thf_logic_formula: thf_unitary_formula
   26                  | thf_unary_formula
   27                  | thf_binary_formula
   28                  | thf_defined_infix
   29                  | thf_definition
   30                  | thf_sequent

   31 thf_binary_formula: thf_binary_nonassoc
   32                   | thf_binary_assoc
   33                   | thf_binary_type

   34 thf_binary_nonassoc: thf_unit_formula nonassoc_connective thf_unit_formula

   35 thf_binary_assoc: thf_or_formula
   36                 | thf_and_formula
   37                 | thf_apply_formula

   38 thf_or_formula: thf_unit_formula VLINE thf_unit_formula
   39               | thf_or_formula VLINE thf_unit_formula

   40 thf_and_formula: thf_unit_formula AMPERSAND thf_unit_formula
   41                | thf_and_formula AMPERSAND thf_unit_formula

   42 thf_apply_formula: thf_unit_formula AT_SIGN thf_unit_formula
   43                  | thf_apply_formula AT_SIGN thf_unit_formula

   44 thf_unit_formula: thf_unitary_formula
   45                 | thf_unary_formula
   46                 | thf_defined_infix

   47 thf_preunit_formula: thf_unitary_formula
   48                    | thf_prefix_unary

   49 thf_unitary_formula: thf_quantified_formula
   50                    | thf_atomic_formula
   51                    | variable
   52                    | LPAREN thf_logic_formula RPAREN

   53 thf_quantified_formula: thf_quantification thf_unit_formula

   54 thf_quantification: thf_quantifier LBRKT thf_variable_list RBRKT COLON

   55 thf_variable_list: thf_typed_variable
   56                  | thf_typed_variable COMMA thf_variable_list

   57 thf_typed_variable: variable COLON thf_top_level_type

   58 thf_unary_formula: thf_prefix_unary
   59                  | thf_infix_unary

   60 thf_prefix_unary: thf_unary_connective thf_preunit_formula

   61 thf_infix_unary: thf_unitary_term infix_inequality thf_unitary_term

   62 thf_atomic_formula: thf_plain_atomic
   63                   | thf_defined_atomic
   64                   | thf_system_atomic
   65                   | thf_fof_function

   66 thf_plain_atomic: constant
   67                 | thf_tuple

   68 thf_defined_atomic: defined_constant
   69                   | thf_defined_term
   70                   | LPAREN thf_conn_term RPAREN
   71                   | nhf_long_connective
   72                   | thf_let

   73 thf_defined_term: defined_term
   74                 | th1_defined_term

   75 thf_defined_infix: thf_unitary_term defined_infix_pred thf_unitary_term

   76 thf_system_atomic: system_constant

   77 thf_let: _DLR_let LPAREN thf_let_types COMMA thf_let_defns COMMA thf_logic_formula RPAREN

   78 thf_let_types: thf_atom_typing
   79              | LBRKT thf_atom_typing_list RBRKT

   80 thf_atom_typing_list: thf_atom_typing
   81                     | thf_atom_typing COMMA thf_atom_typing_list

   82 thf_let_defns: thf_let_defn
   83              | LBRKT thf_let_defn_list RBRKT

   84 thf_let_defn: thf_logic_formula assignment thf_logic_formula

   85 thf_let_defn_list: thf_let_defn
   86                  | thf_let_defn COMMA thf_let_defn_list

   87 thf_unitary_term: thf_atomic_formula
   88                 | variable
   89                 | LPAREN thf_logic_formula RPAREN

   90 thf_conn_term: nonassoc_connective
   91              | assoc_connective
   92              | infix_equality
   93              | infix_inequality
   94              | thf_unary_connective

   95 thf_tuple: LBRKT RBRKT
   96          | LBRKT thf_formula_list RBRKT

   97 thf_fof_function: defined_functor LPAREN thf_arguments RPAREN
   98                 | system_functor LPAREN thf_arguments RPAREN
   99                 | functor LPAREN thf_arguments RPAREN

  100 thf_arguments: thf_formula_list

  101 thf_formula_list: thf_logic_formula
  102                 | thf_logic_formula COMMA thf_formula_list

  103 thf_atom_typing: typeable_atom COLON thf_top_level_type
  104                | LPAREN thf_atom_typing RPAREN

  105 thf_top_level_type: thf_unitary_type
  106                   | thf_mapping_type
  107                   | thf_apply_type

  108 thf_unitary_type: thf_unitary_formula

  109 thf_apply_type: thf_apply_formula

  110 thf_binary_type: thf_mapping_type
  111                | thf_xprod_type
  112                | thf_union_type

  113 thf_mapping_type: thf_unitary_type arrow thf_unitary_type
  114                 | thf_unitary_type arrow thf_mapping_type

  115 thf_xprod_type: thf_unitary_type STAR thf_unitary_type
  116               | thf_xprod_type STAR thf_unitary_type

  117 thf_union_type: thf_unitary_type plus thf_unitary_type
  118               | thf_union_type plus thf_unitary_type

  119 thf_subtype: atomic_type subtype_sign atomic_type

  120 thf_definition: thf_atomic_formula identical thf_logic_formula

  121 thf_sequent: thf_tuple gentzen_arrow thf_tuple

  122 tff_formula: tff_logic_formula
  123            | tff_atom_typing
  124            | tff_subtype

  125 tff_logic_formula: tff_unitary_formula
  126                  | tff_unary_formula
  127                  | tff_binary_formula
  128                  | tff_defined_infix
  129                  | txf_definition
  130                  | txf_sequent

  131 tff_binary_formula: tff_binary_nonassoc
  132                   | tff_binary_assoc

  133 tff_binary_nonassoc: tff_unit_formula nonassoc_connective tff_unit_formula

  134 tff_binary_assoc: tff_or_formula
  135                 | tff_and_formula

  136 tff_or_formula: tff_unit_formula VLINE tff_unit_formula
  137               | tff_or_formula VLINE tff_unit_formula

  138 tff_and_formula: tff_unit_formula AMPERSAND tff_unit_formula
  139                | tff_and_formula AMPERSAND tff_unit_formula

  140 tff_unit_formula: tff_unitary_formula
  141                 | tff_unary_formula
  142                 | tff_defined_infix

  143 tff_preunit_formula: tff_unitary_formula
  144                    | tff_prefix_unary

  145 tff_unitary_formula: tff_quantified_formula
  146                    | tff_atomic_formula
  147                    | txf_unitary_formula
  148                    | LPAREN tff_logic_formula RPAREN

  149 txf_unitary_formula: variable

  150 tff_quantified_formula: tff_quantifier LBRKT tff_variable_list RBRKT COLON tff_unit_formula

  151 tff_variable_list: tff_variable
  152                  | tff_variable COMMA tff_variable_list

  153 tff_variable: tff_typed_variable
  154             | variable

  155 tff_typed_variable: variable COLON tff_atomic_type

  156 tff_unary_formula: tff_prefix_unary
  157                  | tff_infix_unary

  158 tff_prefix_unary: tff_unary_connective tff_preunit_formula

  159 tff_infix_unary: tff_unitary_term infix_inequality tff_unitary_term

  160 tff_atomic_formula: tff_plain_atomic
  161                   | tff_defined_atomic
  162                   | tff_system_atomic

  163 tff_plain_atomic: constant
  164                 | functor LPAREN tff_arguments RPAREN

  165 tff_defined_atomic: tff_defined_plain

  166 tff_defined_plain: defined_constant
  167                  | defined_functor LPAREN tff_arguments RPAREN
  168                  | nxf_atom
  169                  | txf_let

  170 tff_defined_infix: tff_unitary_term defined_infix_pred tff_unitary_term

  171 tff_system_atomic: system_constant
  172                  | system_functor LPAREN tff_arguments RPAREN

  173 txf_let: _DLR_let LPAREN txf_let_types COMMA txf_let_defns COMMA tff_term RPAREN

  174 txf_let_types: tff_atom_typing
  175              | LBRKT tff_atom_typing_list RBRKT

  176 tff_atom_typing_list: tff_atom_typing
  177                     | tff_atom_typing COMMA tff_atom_typing_list

  178 txf_let_defns: txf_let_defn
  179              | LBRKT txf_let_defn_list RBRKT

  180 txf_let_defn: txf_let_LHS assignment tff_term

  181 txf_let_LHS: tff_plain_atomic
  182            | txf_tuple

  183 txf_let_defn_list: txf_let_defn
  184                  | txf_let_defn COMMA txf_let_defn_list

  185 nxf_atom: nxf_long_connective AT_SIGN LPAREN tff_arguments RPAREN

  186 tff_term: tff_logic_formula
  187         | defined_term
  188         | txf_tuple

  189 tff_unitary_term: tff_atomic_formula
  190                 | defined_term
  191                 | txf_tuple
  192                 | variable
  193                 | LPAREN tff_logic_formula RPAREN

  194 txf_tuple: LBRKT RBRKT
  195          | LBRKT tff_arguments RBRKT

  196 tff_arguments: tff_term
  197              | tff_term COMMA tff_arguments

  198 tff_atom_typing: typeable_atom COLON tff_top_level_type
  199                | LPAREN tff_atom_typing RPAREN

  200 tff_top_level_type: tff_atomic_type
  201                   | tff_non_atomic_type

  202 tff_non_atomic_type: tff_mapping_type
  203                    | tf1_quantified_type
  204                    | LPAREN tff_non_atomic_type RPAREN

  205 tf1_quantified_type: type_quantifier LBRKT tff_variable_list RBRKT COLON tff_monotype

  206 tff_monotype: tff_atomic_type
  207             | LPAREN tff_mapping_type RPAREN
  208             | tf1_quantified_type

  209 tff_unitary_type: tff_atomic_type
  210                 | LPAREN tff_xprod_type RPAREN

  211 tff_atomic_type: type_constant
  212                | defined_type
  213                | variable
  214                | type_functor LPAREN tff_type_arguments RPAREN
  215                | LPAREN tff_atomic_type RPAREN
  216                | txf_tuple_type

  217 tff_type_arguments: tff_atomic_type
  218                   | tff_atomic_type COMMA tff_type_arguments

  219 tff_mapping_type: tff_unitary_type arrow tff_atomic_type

  220 tff_xprod_type: tff_unitary_type STAR tff_atomic_type
  221               | tff_xprod_type STAR tff_atomic_type

  222 txf_tuple_type: LBRKT tff_type_list RBRKT

  223 tff_type_list: tff_top_level_type
  224              | tff_top_level_type COMMA tff_type_list

  225 tff_subtype: atomic_type subtype_sign atomic_type

  226 txf_definition: tff_atomic_formula identical tff_term

  227 txf_sequent: txf_tuple gentzen_arrow txf_tuple

  228 nhf_long_connective: LBRACE ntf_connective_name RBRACE
  229                    | LBRACE ntf_connective_name LPAREN nhf_parameter_list RPAREN RBRACE

  230 nhf_parameter_list: nhf_parameter
  231                   | nhf_parameter COMMA nhf_parameter_list

  232 nhf_parameter: ntf_index
  233              | nhf_key_pair

  234 nhf_key_pair: thf_definition

  235 nxf_long_connective: LBRACE ntf_connective_name RBRACE
  236                    | LBRACE ntf_connective_name LPAREN nxf_parameter_list RPAREN RBRACE

  237 nxf_parameter_list: nxf_parameter
  238                   | nxf_parameter COMMA nxf_parameter_list

  239 nxf_parameter: ntf_index
  240              | nxf_key_pair

  241 nxf_key_pair: txf_definition

  242 ntf_connective_name: ntf_defined_connective
  243                    | atomic_system_word

  244 ntf_defined_connective: atomic_defined_word

  245 ntf_index: hash tff_unitary_term

  246 ntf_short_connective: LBRKT PERIOD RBRKT
  247                     | less_sign PERIOD arrow
  248                     | LBRACE PERIOD RBRACE
  249                     | LPAREN PERIOD RPAREN

  250 tcf_formula: tcf_logic_formula
  251            | tff_atom_typing

  252 tcf_logic_formula: tcf_quantified_formula
  253                  | cnf_formula

  254 tcf_quantified_formula: EXCLAMATION LBRKT tff_variable_list RBRKT COLON tcf_logic_formula

  255 fof_formula: fof_logic_formula
  256            | fof_sequent

  257 fof_logic_formula: fof_binary_formula
  258                  | fof_unary_formula
  259                  | fof_unitary_formula

  260 fof_binary_formula: fof_binary_nonassoc
  261                   | fof_binary_assoc

  262 fof_binary_nonassoc: fof_unit_formula nonassoc_connective fof_unit_formula

  263 fof_binary_assoc: fof_or_formula
  264                 | fof_and_formula

  265 fof_or_formula: fof_unit_formula VLINE fof_unit_formula
  266               | fof_or_formula VLINE fof_unit_formula

  267 fof_and_formula: fof_unit_formula AMPERSAND fof_unit_formula
  268                | fof_and_formula AMPERSAND fof_unit_formula

  269 fof_unary_formula: unary_connective fof_unit_formula
  270                  | fof_infix_unary

  271 fof_infix_unary: fof_term infix_inequality fof_term

  272 fof_unit_formula: fof_unitary_formula
  273                 | fof_unary_formula

  274 fof_unitary_formula: fof_quantified_formula
  275                    | fof_atomic_formula
  276                    | LPAREN fof_logic_formula RPAREN

  277 fof_quantified_formula: fof_quantifier LBRKT fof_variable_list RBRKT COLON fof_unit_formula

  278 fof_variable_list: variable
  279                  | variable COMMA fof_variable_list

  280 fof_atomic_formula: fof_plain_atomic_formula
  281                   | fof_defined_atomic_formula
  282                   | fof_system_atomic_formula

  283 fof_plain_atomic_formula: fof_plain_term

  284 fof_defined_atomic_formula: fof_defined_plain_formula
  285                           | fof_defined_infix_formula

  286 fof_defined_plain_formula: fof_defined_plain_term

  287 fof_defined_infix_formula: fof_term defined_infix_pred fof_term

  288 fof_system_atomic_formula: fof_system_term

  289 fof_plain_term: constant
  290               | functor LPAREN fof_arguments RPAREN

  291 fof_defined_term: defined_term
  292                 | fof_defined_atomic_term

  293 fof_defined_atomic_term: fof_defined_plain_term

  294 fof_defined_plain_term: defined_constant
  295                       | defined_functor LPAREN fof_arguments RPAREN

  296 fof_system_term: system_constant
  297                | system_functor LPAREN fof_arguments RPAREN

  298 fof_arguments: fof_term
  299              | fof_term COMMA fof_arguments

  300 fof_term: fof_function_term
  301         | variable

  302 fof_function_term: fof_plain_term
  303                  | fof_defined_term
  304                  | fof_system_term

  305 fof_sequent: fof_formula_tuple gentzen_arrow fof_formula_tuple
  306            | LPAREN fof_sequent RPAREN

  307 fof_formula_tuple: LBRKT RBRKT
  308                  | LBRKT fof_formula_tuple_list RBRKT

  309 fof_formula_tuple_list: fof_logic_formula
  310                       | fof_logic_formula COMMA fof_formula_tuple_list

  311 cnf_formula: cnf_disjunction
  312            | LPAREN cnf_formula RPAREN

  313 cnf_disjunction: cnf_literal
  314                | cnf_disjunction VLINE cnf_literal

  315 cnf_literal: fof_atomic_formula
  316            | TILDE fof_atomic_formula
  317            | TILDE LPAREN fof_atomic_formula RPAREN
  318            | fof_infix_unary

  319 thf_quantifier: tff_quantifier
  320               | th0_quantifier
  321               | type_quantifier

  322 thf_unary_connective: unary_connective
  323                     | ntf_short_connective

  324 th0_quantifier: CARET
  325               | AT_SIGN_PLUS
  326               | AT_SIGN_MINUS

  327 type_quantifier: EXCLAMATION_GREATER
  328                | QUESTION_STAR

  329 subtype_sign: LESS_LESS

  330 tff_unary_connective: unary_connective
  331                     | ntf_short_connective

  332 tff_quantifier: fof_quantifier
  333               | hash

  334 fof_quantifier: EXCLAMATION
  335               | QUESTION

  336 nonassoc_connective: LESS_EQUALS_GREATER
  337                    | EQUALS_GREATER
  338                    | LESS_EQUALS
  339                    | LESS_TILDE_GREATER
  340                    | TILDE_VLINE
  341                    | TILDE_AMPERSAND

  342 assoc_connective: VLINE
  343                 | AMPERSAND

  344 unary_connective: TILDE

  345 gentzen_arrow: MINUS_MINUS_GREATER

  346 assignment: COLON_EQUALS

  347 identical: EQUALS_EQUALS

  348 typeable_atom: constant
  349              | distinct_object

  350 atomic_type: typeable_atom
  351            | defined_constant
  352            | system_type

  353 type_constant: type_functor

  354 type_functor: atomic_word

  355 defined_type: atomic_defined_word

  356 system_type: atomic_system_word

  357 defined_infix_pred: infix_equality

  358 infix_equality: EQUALS

  359 infix_inequality: EXCLAMATION_EQUALS

  360 constant: functor

  361 functor: atomic_word

  362 defined_constant: defined_functor

  363 defined_functor: atomic_defined_word

  364 system_constant: system_functor

  365 system_functor: atomic_system_word

  366 th1_defined_term: EXCLAMATION_EXCLAMATION
  367                 | QUESTION_QUESTION
  368                 | AT_AT_SIGN_PLUS
  369                 | AT_AT_SIGN_MINUS
  370                 | AT_SIGN_EQUALS

  371 defined_term: number
  372             | distinct_object

  373 variable: upper_word

  374 source: dag_source
  375       | internal_source
  376       | external_source
  377       | LBRKT sources RBRKT

  378 sources: source
  379        | source COMMA sources

  380 dag_source: name
  381           | inference_record

  382 inference_record: _LIT_inference LPAREN inference_rule COMMA useful_info COMMA parents RPAREN

  383 inference_rule: atomic_word

  384 internal_source: _LIT_introduced LPAREN intro_type COMMA useful_info COMMA parents RPAREN

  385 intro_type: atomic_word

  386 external_source: file_source

  387 file_source: _LIT_file LPAREN file_name file_info RPAREN

  388 file_info: COMMA name
  389          | nothing

  390 parents: LBRKT RBRKT
  391        | LBRKT parent_list RBRKT

  392 parent_list: parent_info
  393            | parent_info COMMA parent_list

  394 parent_info: source parent_details

  395 parent_details: COLON general_term
  396               | nothing

  397 optional_info: COMMA useful_info
  398              | nothing

  399 useful_info: general_list

  400 include: _LIT_include LPAREN file_name include_optionals RPAREN PERIOD

  401 include_optionals: nothing
  402                  | COMMA formula_selection
  403                  | COMMA formula_selection COMMA space_name

  404 formula_selection: LBRKT name_list RBRKT
  405                  | STAR

  406 name_list: name
  407          | name COMMA name_list

  408 space_name: name

  409 general_term: general_data
  410             | general_data COLON general_term
  411             | general_list

  412 general_data: atomic_word
  413             | general_function
  414             | variable
  415             | number
  416             | distinct_object
  417             | formula_data

  418 general_function: atomic_word LPAREN general_terms RPAREN

  419 formula_data: _DLR_thf LPAREN thf_formula RPAREN
  420             | _DLR_tff LPAREN tff_formula RPAREN
  421             | _DLR_fof LPAREN fof_formula RPAREN
  422             | _DLR_cnf LPAREN cnf_formula RPAREN
  423             | _DLR_fot LPAREN fof_term RPAREN

  424 general_list: LBRKT RBRKT
  425             | LBRKT general_terms RBRKT

  426 general_terms: general_term
  427              | general_term COMMA general_terms

  428 name: atomic_word
  429     | integer

  430 atomic_word: lower_word
  431            | single_quoted
  432            | back_quoted

  433 atomic_defined_word: dollar_word

  434 atomic_system_word: dollar_dollar_word

  435 number: integer
  436       | rational
  437       | real

  438 file_name: atomic_word

  439 nothing: %empty


Terminals, with rules where they appear

    $end (0) 0
    error (256)
    AMPERSAND <ival> (258) 40 41 138 139 267 268 343
    AT_AT_SIGN_MINUS <ival> (259) 369
    AT_AT_SIGN_PLUS <ival> (260) 368
    AT_SIGN <ival> (261) 42 43 185
    AT_SIGN_EQUALS <ival> (262) 370
    AT_SIGN_MINUS <ival> (263) 326
    AT_SIGN_PLUS <ival> (264) 325
    CARET <ival> (265) 324
    COLON <ival> (266) 54 57 103 150 155 198 205 254 277 395 410
    COLON_EQUALS <ival> (267) 346
    COMMA <ival> (268) 11 13 14 15 16 17 18 56 77 81 86 102 152 173 177 184 197 218 224 231 238 279 299 310 379 382 384 388 393 397 402 403 407 427
    EQUALS <ival> (269) 358
    EQUALS_EQUALS <ival> (270) 347
    EQUALS_GREATER <ival> (271) 337
    EXCLAMATION <ival> (272) 254 334
    EXCLAMATION_EQUALS <ival> (273) 359
    EXCLAMATION_EXCLAMATION <ival> (274) 366
    EXCLAMATION_GREATER <ival> (275) 327
    LBRACE <ival> (276) 228 229 235 236 248
    LBRKT <ival> (277) 54 79 83 95 96 150 175 179 194 195 205 222 246 254 277 307 308 377 390 391 404 424 425
    LESS_EQUALS <ival> (278) 338
    LESS_EQUALS_GREATER <ival> (279) 336
    LESS_LESS <ival> (280) 329
    LESS_TILDE_GREATER <ival> (281) 339
    LPAREN <ival> (282) 11 13 14 15 16 17 52 70 77 89 97 98 99 104 148 164 167 172 173 185 193 199 204 207 210 214 215 229 236 249 276 290 295 297 306 312 317 382 384 387 400 418 419 420 421 422 423
    MINUS <ival> (283) 21
    MINUS_MINUS_GREATER <ival> (284) 345
    PERIOD <ival> (285) 11 13 14 15 16 17 246 247 248 249 400
    QUESTION <ival> (286) 335
    QUESTION_QUESTION <ival> (287) 367
    QUESTION_STAR <ival> (288) 328
    RBRACE <ival> (289) 228 229 235 236 248
    RBRKT <ival> (290) 54 79 83 95 96 150 175 179 194 195 205 222 246 254 277 307 308 377 390 391 404 424 425
    RPAREN <ival> (291) 11 13 14 15 16 17 52 70 77 89 97 98 99 104 148 164 167 172 173 185 193 199 204 207 210 214 215 229 236 249 276 290 295 297 306 312 317 382 384 387 400 418 419 420 421 422 423
    STAR <ival> (292) 115 116 220 221 405
    TILDE <ival> (293) 316 317 344
    TILDE_AMPERSAND <ival> (294) 341
    TILDE_VLINE <ival> (295) 340
    VLINE <ival> (296) 38 39 136 137 265 266 314 342
    _DLR_cnf <ival> (297) 422
    _DLR_fof <ival> (298) 421
    _DLR_fot <ival> (299) 423
    _DLR_let <ival> (300) 77 173
    _DLR_tff <ival> (301) 420
    _DLR_thf <ival> (302) 419
    _LIT_cnf <ival> (303) 17
    _LIT_file <ival> (304) 387
    _LIT_fof <ival> (305) 16
    _LIT_include <ival> (306) 400
    _LIT_inference <ival> (307) 382
    _LIT_introduced <ival> (308) 384
    _LIT_tcf <ival> (309) 15
    _LIT_tff <ival> (310) 14
    _LIT_thf <ival> (311) 13
    _LIT_tpi <ival> (312) 11
    arrow <ival> (313) 113 114 219 247
    back_quoted <ival> (314) 432
    distinct_object <ival> (315) 349 372 416
    dollar_dollar_word <ival> (316) 434
    dollar_word <ival> (317) 433
    hash <ival> (318) 245 333
    integer <ival> (319) 429 435
    less_sign <ival> (320) 247
    lower_word <ival> (321) 20 21 430
    plus <ival> (322) 117 118
    rational <ival> (323) 436
    real <ival> (324) 437
    single_quoted <ival> (325) 431
    slash <ival> (326)
    slosh <ival> (327)
    unrecognized <ival> (328)
    upper_word <ival> (329) 373


Nonterminals, with rules where they appear

    $accept (75)
        on left: 0
    TPTP_file (76)
        on left: 1 2
        on right: 0 2
    TPTP_input (77)
        on left: 3 4
        on right: 2
    annotated_formula (78)
        on left: 5 6 7 8 9 10
        on right: 3
    tpi_annotated (79)
        on left: 11
        on right: 10
    tpi_formula (80)
        on left: 12
        on right: 11
    thf_annotated (81)
        on left: 13
        on right: 5
    tff_annotated (82)
        on left: 14
        on right: 6
    tcf_annotated (83)
        on left: 15
        on right: 7
    fof_annotated (84)
        on left: 16
        on right: 8
    cnf_annotated (85)
        on left: 17
        on right: 9
    annotations (86)
        on left: 18 19
        on right: 11 13 14 15 16 17
    formula_role (87)
        on left: 20 21
        on right: 11 13 14 15 16 17
    thf_formula (88)
        on left: 22 23 24
        on right: 13 419
    thf_logic_formula (89)
        on left: 25 26 27 28 29 30
        on right: 22 52 77 84 89 101 102 120
    thf_binary_formula (90)
        on left: 31 32 33
        on right: 27
    thf_binary_nonassoc (91)
        on left: 34
        on right: 31
    thf_binary_assoc (92)
        on left: 35 36 37
        on right: 32
    thf_or_formula (93)
        on left: 38 39
        on right: 35 39
    thf_and_formula (94)
        on left: 40 41
        on right: 36 41
    thf_apply_formula (95)
        on left: 42 43
        on right: 37 43 109
    thf_unit_formula (96)
        on left: 44 45 46
        on right: 34 38 39 40 41 42 43 53
    thf_preunit_formula (97)
        on left: 47 48
        on right: 60
    thf_unitary_formula (98)
        on left: 49 50 51 52
        on right: 25 44 47 108
    thf_quantified_formula (99)
        on left: 53
        on right: 49
    thf_quantification (100)
        on left: 54
        on right: 53
    thf_variable_list (101)
        on left: 55 56
        on right: 54 56
    thf_typed_variable (102)
        on left: 57
        on right: 55 56
    thf_unary_formula (103)
        on left: 58 59
        on right: 26 45
    thf_prefix_unary (104)
        on left: 60
        on right: 48 58
    thf_infix_unary (105)
        on left: 61
        on right: 59
    thf_atomic_formula (106)
        on left: 62 63 64 65
        on right: 50 87 120
    thf_plain_atomic (107)
        on left: 66 67
        on right: 62
    thf_defined_atomic (108)
        on left: 68 69 70 71 72
        on right: 63
    thf_defined_term (109)
        on left: 73 74
        on right: 69
    thf_defined_infix (110)
        on left: 75
        on right: 28 46
    thf_system_atomic (111)
        on left: 76
        on right: 64
    thf_let (112)
        on left: 77
        on right: 72
    thf_let_types (113)
        on left: 78 79
        on right: 77
    thf_atom_typing_list (114)
        on left: 80 81
        on right: 79 81
    thf_let_defns (115)
        on left: 82 83
        on right: 77
    thf_let_defn (116)
        on left: 84
        on right: 82 85 86
    thf_let_defn_list (117)
        on left: 85 86
        on right: 83 86
    thf_unitary_term (118)
        on left: 87 88 89
        on right: 61 75
    thf_conn_term (119)
        on left: 90 91 92 93 94
        on right: 70
    thf_tuple (120)
        on left: 95 96
        on right: 67 121
    thf_fof_function (121)
        on left: 97 98 99
        on right: 65
    thf_arguments (122)
        on left: 100
        on right: 97 98 99
    thf_formula_list (123)
        on left: 101 102
        on right: 96 100 102
    thf_atom_typing (124)
        on left: 103 104
        on right: 23 78 80 81 104
    thf_top_level_type (125)
        on left: 105 106 107
        on right: 57 103
    thf_unitary_type (126)
        on left: 108
        on right: 105 113 114 115 116 117 118
    thf_apply_type (127)
        on left: 109
        on right: 107
    thf_binary_type (128)
        on left: 110 111 112
        on right: 33
    thf_mapping_type (129)
        on left: 113 114
        on right: 106 110 114
    thf_xprod_type (130)
        on left: 115 116
        on right: 111 116
    thf_union_type (131)
        on left: 117 118
        on right: 112 118
    thf_subtype (132)
        on left: 119
        on right: 24
    thf_definition (133)
        on left: 120
        on right: 29 234
    thf_sequent (134)
        on left: 121
        on right: 30
    tff_formula (135)
        on left: 122 123 124
        on right: 14 420
    tff_logic_formula (136)
        on left: 125 126 127 128 129 130
        on right: 122 148 186 193
    tff_binary_formula (137)
        on left: 131 132
        on right: 127
    tff_binary_nonassoc (138)
        on left: 133
        on right: 131
    tff_binary_assoc (139)
        on left: 134 135
        on right: 132
    tff_or_formula (140)
        on left: 136 137
        on right: 134 137
    tff_and_formula (141)
        on left: 138 139
        on right: 135 139
    tff_unit_formula (142)
        on left: 140 141 142
        on right: 133 136 137 138 139 150
    tff_preunit_formula (143)
        on left: 143 144
        on right: 158
    tff_unitary_formula (144)
        on left: 145 146 147 148
        on right: 125 140 143
    txf_unitary_formula (145)
        on left: 149
        on right: 147
    tff_quantified_formula (146)
        on left: 150
        on right: 145
    tff_variable_list (147)
        on left: 151 152
        on right: 150 152 205 254
    tff_variable (148)
        on left: 153 154
        on right: 151 152
    tff_typed_variable (149)
        on left: 155
        on right: 153
    tff_unary_formula (150)
        on left: 156 157
        on right: 126 141
    tff_prefix_unary (151)
        on left: 158
        on right: 144 156
    tff_infix_unary (152)
        on left: 159
        on right: 157
    tff_atomic_formula (153)
        on left: 160 161 162
        on right: 146 189 226
    tff_plain_atomic (154)
        on left: 163 164
        on right: 160 181
    tff_defined_atomic (155)
        on left: 165
        on right: 161
    tff_defined_plain (156)
        on left: 166 167 168 169
        on right: 165
    tff_defined_infix (157)
        on left: 170
        on right: 128 142
    tff_system_atomic (158)
        on left: 171 172
        on right: 162
    txf_let (159)
        on left: 173
        on right: 169
    txf_let_types (160)
        on left: 174 175
        on right: 173
    tff_atom_typing_list (161)
        on left: 176 177
        on right: 175 177
    txf_let_defns (162)
        on left: 178 179
        on right: 173
    txf_let_defn (163)
        on left: 180
        on right: 178 183 184
    txf_let_LHS (164)
        on left: 181 182
        on right: 180
    txf_let_defn_list (165)
        on left: 183 184
        on right: 179 184
    nxf_atom (166)
        on left: 185
        on right: 168
    tff_term (167)
        on left: 186 187 188
        on right: 173 180 196 197 226
    tff_unitary_term (168)
        on left: 189 190 191 192 193
        on right: 159 170 245
    txf_tuple (169)
        on left: 194 195
        on right: 182 188 191 227
    tff_arguments (170)
        on left: 196 197
        on right: 164 167 172 185 195 197
    tff_atom_typing (171)
        on left: 198 199
        on right: 123 174 176 177 199 251
    tff_top_level_type (172)
        on left: 200 201
        on right: 198 223 224
    tff_non_atomic_type (173)
        on left: 202 203 204
        on right: 201 204
    tf1_quantified_type (174)
        on left: 205
        on right: 203 208
    tff_monotype (175)
        on left: 206 207 208
        on right: 205
    tff_unitary_type (176)
        on left: 209 210
        on right: 219 220
    tff_atomic_type (177)
        on left: 211 212 213 214 215 216
        on right: 155 200 206 209 215 217 218 219 220 221
    tff_type_arguments (178)
        on left: 217 218
        on right: 214 218
    tff_mapping_type (179)
        on left: 219
        on right: 202 207
    tff_xprod_type (180)
        on left: 220 221
        on right: 210 221
    txf_tuple_type (181)
        on left: 222
        on right: 216
    tff_type_list (182)
        on left: 223 224
        on right: 222 224
    tff_subtype (183)
        on left: 225
        on right: 124
    txf_definition (184)
        on left: 226
        on right: 129 241
    txf_sequent (185)
        on left: 227
        on right: 130
    nhf_long_connective (186)
        on left: 228 229
        on right: 71
    nhf_parameter_list (187)
        on left: 230 231
        on right: 229 231
    nhf_parameter (188)
        on left: 232 233
        on right: 230 231
    nhf_key_pair (189)
        on left: 234
        on right: 233
    nxf_long_connective (190)
        on left: 235 236
        on right: 185
    nxf_parameter_list (191)
        on left: 237 238
        on right: 236 238
    nxf_parameter (192)
        on left: 239 240
        on right: 237 238
    nxf_key_pair (193)
        on left: 241
        on right: 240
    ntf_connective_name (194)
        on left: 242 243
        on right: 228 229 235 236
    ntf_defined_connective (195)
        on left: 244
        on right: 242
    ntf_index (196)
        on left: 245
        on right: 232 239
    ntf_short_connective (197)
        on left: 246 247 248 249
        on right: 323 331
    tcf_formula (198)
        on left: 250 251
        on right: 15
    tcf_logic_formula (199)
        on left: 252 253
        on right: 250 254
    tcf_quantified_formula (200)
        on left: 254
        on right: 252
    fof_formula (201)
        on left: 255 256
        on right: 12 16 421
    fof_logic_formula (202)
        on left: 257 258 259
        on right: 255 276 309 310
    fof_binary_formula (203)
        on left: 260 261
        on right: 257
    fof_binary_nonassoc (204)
        on left: 262
        on right: 260
    fof_binary_assoc (205)
        on left: 263 264
        on right: 261
    fof_or_formula (206)
        on left: 265 266
        on right: 263 266
    fof_and_formula (207)
        on left: 267 268
        on right: 264 268
    fof_unary_formula (208)
        on left: 269 270
        on right: 258 273
    fof_infix_unary (209)
        on left: 271
        on right: 270 318
    fof_unit_formula (210)
        on left: 272 273
        on right: 262 265 266 267 268 269 277
    fof_unitary_formula (211)
        on left: 274 275 276
        on right: 259 272
    fof_quantified_formula (212)
        on left: 277
        on right: 274
    fof_variable_list (213)
        on left: 278 279
        on right: 277 279
    fof_atomic_formula (214)
        on left: 280 281 282
        on right: 275 315 316 317
    fof_plain_atomic_formula (215)
        on left: 283
        on right: 280
    fof_defined_atomic_formula (216)
        on left: 284 285
        on right: 281
    fof_defined_plain_formula (217)
        on left: 286
        on right: 284
    fof_defined_infix_formula (218)
        on left: 287
        on right: 285
    fof_system_atomic_formula (219)
        on left: 288
        on right: 282
    fof_plain_term (220)
        on left: 289 290
        on right: 283 302
    fof_defined_term (221)
        on left: 291 292
        on right: 303
    fof_defined_atomic_term (222)
        on left: 293
        on right: 292
    fof_defined_plain_term (223)
        on left: 294 295
        on right: 286 293
    fof_system_term (224)
        on left: 296 297
        on right: 288 304
    fof_arguments (225)
        on left: 298 299
        on right: 290 295 297 299
    fof_term (226)
        on left: 300 301
        on right: 271 287 298 299 423
    fof_function_term (227)
        on left: 302 303 304
        on right: 300
    fof_sequent (228)
        on left: 305 306
        on right: 256 306
    fof_formula_tuple (229)
        on left: 307 308
        on right: 305
    fof_formula_tuple_list (230)
        on left: 309 310
        on right: 308 310
    cnf_formula (231)
        on left: 311 312
        on right: 17 253 312 422
    cnf_disjunction (232)
        on left: 313 314
        on right: 311 314
    cnf_literal (233)
        on left: 315 316 317 318
        on right: 313 314
    thf_quantifier (234)
        on left: 319 320 321
        on right: 54
    thf_unary_connective (235)
        on left: 322 323
        on right: 60 94
    th0_quantifier (236)
        on left: 324 325 326
        on right: 320
    type_quantifier (237)
        on left: 327 328
        on right: 205 321
    subtype_sign (238)
        on left: 329
        on right: 119 225
    tff_unary_connective (239)
        on left: 330 331
        on right: 158
    tff_quantifier (240)
        on left: 332 333
        on right: 150 319
    fof_quantifier (241)
        on left: 334 335
        on right: 277 332
    nonassoc_connective (242)
        on left: 336 337 338 339 340 341
        on right: 34 90 133 262
    assoc_connective (243)
        on left: 342 343
        on right: 91
    unary_connective (244)
        on left: 344
        on right: 269 322 330
    gentzen_arrow (245)
        on left: 345
        on right: 121 227 305
    assignment (246)
        on left: 346
        on right: 84 180
    identical (247)
        on left: 347
        on right: 120 226
    typeable_atom (248)
        on left: 348 349
        on right: 103 198 350
    atomic_type (249)
        on left: 350 351 352
        on right: 119 225
    type_constant (250)
        on left: 353
        on right: 211
    type_functor (251)
        on left: 354
        on right: 214 353
    defined_type (252)
        on left: 355
        on right: 212
    system_type (253)
        on left: 356
        on right: 352
    defined_infix_pred (254)
        on left: 357
        on right: 75 170 287
    infix_equality (255)
        on left: 358
        on right: 92 357
    infix_inequality (256)
        on left: 359
        on right: 61 93 159 271
    constant (257)
        on left: 360
        on right: 66 163 289 348
    functor (258)
        on left: 361
        on right: 99 164 290 360
    defined_constant (259)
        on left: 362
        on right: 68 166 294 351
    defined_functor (260)
        on left: 363
        on right: 97 167 295 362
    system_constant (261)
        on left: 364
        on right: 76 171 296
    system_functor (262)
        on left: 365
        on right: 98 172 297 364
    th1_defined_term (263)
        on left: 366 367 368 369 370
        on right: 74
    defined_term (264)
        on left: 371 372
        on right: 73 187 190 291
    variable (265)
        on left: 373
        on right: 51 57 88 149 154 155 192 213 278 279 301 414
    source (266)
        on left: 374 375 376 377
        on right: 18 378 379 394
    sources (267)
        on left: 378 379
        on right: 377 379
    dag_source (268)
        on left: 380 381
        on right: 374
    inference_record (269)
        on left: 382
        on right: 381
    inference_rule (270)
        on left: 383
        on right: 382
    internal_source (271)
        on left: 384
        on right: 375
    intro_type (272)
        on left: 385
        on right: 384
    external_source (273)
        on left: 386
        on right: 376
    file_source (274)
        on left: 387
        on right: 386
    file_info (275)
        on left: 388 389
        on right: 387
    parents (276)
        on left: 390 391
        on right: 382 384
    parent_list (277)
        on left: 392 393
        on right: 391 393
    parent_info (278)
        on left: 394
        on right: 392 393
    parent_details (279)
        on left: 395 396
        on right: 394
    optional_info (280)
        on left: 397 398
        on right: 18
    useful_info (281)
        on left: 399
        on right: 382 384 397
    include (282)
        on left: 400
        on right: 4
    include_optionals (283)
        on left: 401 402 403
        on right: 400
    formula_selection (284)
        on left: 404 405
        on right: 402 403
    name_list (285)
        on left: 406 407
        on right: 404 407
    space_name (286)
        on left: 408
        on right: 403
    general_term (287)
        on left: 409 410 411
        on right: 21 395 410 426 427
    general_data (288)
        on left: 412 413 414 415 416 417
        on right: 409 410
    general_function (289)
        on left: 418
        on right: 413
    formula_data (290)
        on left: 419 420 421 422 423
        on right: 417
    general_list (291)
        on left: 424 425
        on right: 399 411
    general_terms (292)
        on left: 426 427
        on right: 418 425 427
    name (293)
        on left: 428 429
        on right: 11 13 14 15 16 17 380 388 406 407 408
    atomic_word (294)
        on left: 430 431 432
        on right: 354 361 383 385 412 418 428 438
    atomic_defined_word (295)
        on left: 433
        on right: 244 355 363
    atomic_system_word (296)
        on left: 434
        on right: 243 356 365
    number (297)
        on left: 435 436 437
        on right: 371 415
    file_name (298)
        on left: 438
        on right: 387 400
    nothing (299)
        on left: 439
        on right: 1 19 389 396 398 401


State 0

    0 $accept: . TPTP_file $end

    $default  reduce using rule 439 (nothing)

    TPTP_file  go to state 1
    nothing    go to state 2


State 1

    0 $accept: TPTP_file . $end
    2 TPTP_file: TPTP_file . TPTP_input

    $end          shift, and go to state 3
    _LIT_cnf      shift, and go to state 4
    _LIT_fof      shift, and go to state 5
    _LIT_include  shift, and go to state 6
    _LIT_tcf      shift, and go to state 7
    _LIT_tff      shift, and go to state 8
    _LIT_thf      shift, and go to state 9
    _LIT_tpi      shift, and go to state 10

    TPTP_input         go to state 11
    annotated_formula  go to state 12
    tpi_annotated      go to state 13
    thf_annotated      go to state 14
    tff_annotated      go to state 15
    tcf_annotated      go to state 16
    fof_annotated      go to state 17
    cnf_annotated      go to state 18
    include            go to state 19


State 2

    1 TPTP_file: nothing .

    $default  reduce using rule 1 (TPTP_file)


State 3

    0 $accept: TPTP_file $end .

    $default  accept


State 4

   17 cnf_annotated: _LIT_cnf . LPAREN name COMMA formula_role COMMA cnf_formula annotations RPAREN PERIOD

    LPAREN  shift, and go to state 20


State 5

   16 fof_annotated: _LIT_fof . LPAREN name COMMA formula_role COMMA fof_formula annotations RPAREN PERIOD

    LPAREN  shift, and go to state 21


State 6

  400 include: _LIT_include . LPAREN file_name include_optionals RPAREN PERIOD

    LPAREN  shift, and go to state 22


State 7

   15 tcf_annotated: _LIT_tcf . LPAREN name COMMA formula_role COMMA tcf_formula annotations RPAREN PERIOD

    LPAREN  shift, and go to state 23


State 8

   14 tff_annotated: _LIT_tff . LPAREN name COMMA formula_role COMMA tff_formula annotations RPAREN PERIOD

    LPAREN  shift, and go to state 24


State 9

   13 thf_annotated: _LIT_thf . LPAREN name COMMA formula_role COMMA thf_formula annotations RPAREN PERIOD

    LPAREN  shift, and go to state 25


State 10

   11 tpi_annotated: _LIT_tpi . LPAREN name COMMA formula_role COMMA tpi_formula annotations RPAREN PERIOD

    LPAREN  shift, and go to state 26


State 11

    2 TPTP_file: TPTP_file TPTP_input .

    $default  reduce using rule 2 (TPTP_file)


State 12

    3 TPTP_input: annotated_formula .

    $default  reduce using rule 3 (TPTP_input)


State 13

   10 annotated_formula: tpi_annotated .

    $default  reduce using rule 10 (annotated_formula)


State 14

    5 annotated_formula: thf_annotated .

    $default  reduce using rule 5 (annotated_formula)


State 15

    6 annotated_formula: tff_annotated .

    $default  reduce using rule 6 (annotated_formula)


State 16

    7 annotated_formula: tcf_annotated .

    $default  reduce using rule 7 (annotated_formula)


State 17

    8 annotated_formula: fof_annotated .

    $default  reduce using rule 8 (annotated_formula)


State 18

    9 annotated_formula: cnf_annotated .

    $default  reduce using rule 9 (annotated_formula)


State 19

    4 TPTP_input: include .

    $default  reduce using rule 4 (TPTP_input)


State 20

   17 cnf_annotated: _LIT_cnf LPAREN . name COMMA formula_role COMMA cnf_formula annotations RPAREN PERIOD

    back_quoted    shift, and go to state 27
    integer        shift, and go to state 28
    lower_word     shift, and go to state 29
    single_quoted  shift, and go to state 30

    name         go to state 31
    atomic_word  go to state 32


State 21

   16 fof_annotated: _LIT_fof LPAREN . name COMMA formula_role COMMA fof_formula annotations RPAREN PERIOD

    back_quoted    shift, and go to state 27
    integer        shift, and go to state 28
    lower_word     shift, and go to state 29
    single_quoted  shift, and go to state 30

    name         go to state 33
    atomic_word  go to state 32


State 22

  400 include: _LIT_include LPAREN . file_name include_optionals RPAREN PERIOD

    back_quoted    shift, and go to state 27
    lower_word     shift, and go to state 29
    single_quoted  shift, and go to state 30

    atomic_word  go to state 34
    file_name    go to state 35


State 23

   15 tcf_annotated: _LIT_tcf LPAREN . name COMMA formula_role COMMA tcf_formula annotations RPAREN PERIOD

    back_quoted    shift, and go to state 27
    integer        shift, and go to state 28
    lower_word     shift, and go to state 29
    single_quoted  shift, and go to state 30

    name         go to state 36
    atomic_word  go to state 32


State 24

   14 tff_annotated: _LIT_tff LPAREN . name COMMA formula_role COMMA tff_formula annotations RPAREN PERIOD

    back_quoted    shift, and go to state 27
    integer        shift, and go to state 28
    lower_word     shift, and go to state 29
    single_quoted  shift, and go to state 30

    name         go to state 37
    atomic_word  go to state 32


State 25

   13 thf_annotated: _LIT_thf LPAREN . name COMMA formula_role COMMA thf_formula annotations RPAREN PERIOD

    back_quoted    shift, and go to state 27
    integer        shift, and go to state 28
    lower_word     shift, and go to state 29
    single_quoted  shift, and go to state 30

    name         go to state 38
    atomic_word  go to state 32


State 26

   11 tpi_annotated: _LIT_tpi LPAREN . name COMMA formula_role COMMA tpi_formula annotations RPAREN PERIOD

    back_quoted    shift, and go to state 27
    integer        shift, and go to state 28
    lower_word     shift, and go to state 29
    single_quoted  shift, and go to state 30

    name         go to state 39
    atomic_word  go to state 32


State 27

  432 atomic_word: back_quoted .

    $default  reduce using rule 432 (atomic_word)


State 28

  429 name: integer .

    $default  reduce using rule 429 (name)


State 29

  430 atomic_word: lower_word .

    $default  reduce using rule 430 (atomic_word)


State 30

  431 atomic_word: single_quoted .

    $default  reduce using rule 431 (atomic_word)


State 31

   17 cnf_annotated: _LIT_cnf LPAREN name . COMMA formula_role COMMA cnf_formula annotations RPAREN PERIOD

    COMMA  shift, and go to state 40


State 32

  428 name: atomic_word .

    $default  reduce using rule 428 (name)


State 33

   16 fof_annotated: _LIT_fof LPAREN name . COMMA formula_role COMMA fof_formula annotations RPAREN PERIOD

    COMMA  shift, and go to state 41


State 34

  438 file_name: atomic_word .

    $default  reduce using rule 438 (file_name)


State 35

  400 include: _LIT_include LPAREN file_name . include_optionals RPAREN PERIOD

    COMMA  shift, and go to state 42

    $default  reduce using rule 439 (nothing)

    include_optionals  go to state 43
    nothing            go to state 44


State 36

   15 tcf_annotated: _LIT_tcf LPAREN name . COMMA formula_role COMMA tcf_formula annotations RPAREN PERIOD

    COMMA  shift, and go to state 45


State 37

   14 tff_annotated: _LIT_tff LPAREN name . COMMA formula_role COMMA tff_formula annotations RPAREN PERIOD

    COMMA  shift, and go to state 46


State 38

   13 thf_annotated: _LIT_thf LPAREN name . COMMA formula_role COMMA thf_formula annotations RPAREN PERIOD

    COMMA  shift, and go to state 47


State 39

   11 tpi_annotated: _LIT_tpi LPAREN name . COMMA formula_role COMMA tpi_formula annotations RPAREN PERIOD

    COMMA  shift, and go to state 48


State 40

   17 cnf_annotated: _LIT_cnf LPAREN name COMMA . formula_role COMMA cnf_formula annotations RPAREN PERIOD

    lower_word  shift, and go to state 49

    formula_role  go to state 50


State 41

   16 fof_annotated: _LIT_fof LPAREN name COMMA . formula_role COMMA fof_formula annotations RPAREN PERIOD

    lower_word  shift, and go to state 49

    formula_role  go to state 51


State 42

  402 include_optionals: COMMA . formula_selection
  403                  | COMMA . formula_selection COMMA space_name

    LBRKT  shift, and go to state 52
    STAR   shift, and go to state 53

    formula_selection  go to state 54


State 43

  400 include: _LIT_include LPAREN file_name include_optionals . RPAREN PERIOD

    RPAREN  shift, and go to state 55


State 44

  401 include_optionals: nothing .

    $default  reduce using rule 401 (include_optionals)


State 45

   15 tcf_annotated: _LIT_tcf LPAREN name COMMA . formula_role COMMA tcf_formula annotations RPAREN PERIOD

    lower_word  shift, and go to state 49

    formula_role  go to state 56


State 46

   14 tff_annotated: _LIT_tff LPAREN name COMMA . formula_role COMMA tff_formula annotations RPAREN PERIOD

    lower_word  shift, and go to state 49

    formula_role  go to state 57


State 47

   13 thf_annotated: _LIT_thf LPAREN name COMMA . formula_role COMMA thf_formula annotations RPAREN PERIOD

    lower_word  shift, and go to state 49

    formula_role  go to state 58


State 48

   11 tpi_annotated: _LIT_tpi LPAREN name COMMA . formula_role COMMA tpi_formula annotations RPAREN PERIOD

    lower_word  shift, and go to state 49

    formula_role  go to state 59


State 49

   20 formula_role: lower_word .
   21             | lower_word . MINUS general_term

    MINUS  shift, and go to state 60

    $default  reduce using rule 20 (formula_role)


State 50

   17 cnf_annotated: _LIT_cnf LPAREN name COMMA formula_role . COMMA cnf_formula annotations RPAREN PERIOD

    COMMA  shift, and go to state 61


State 51

   16 fof_annotated: _LIT_fof LPAREN name COMMA formula_role . COMMA fof_formula annotations RPAREN PERIOD

    COMMA  shift, and go to state 62


State 52

  404 formula_selection: LBRKT . name_list RBRKT

    back_quoted    shift, and go to state 27
    integer        shift, and go to state 28
    lower_word     shift, and go to state 29
    single_quoted  shift, and go to state 30

    name_list    go to state 63
    name         go to state 64
    atomic_word  go to state 32


State 53

  405 formula_selection: STAR .

    $default  reduce using rule 405 (formula_selection)


State 54

  402 include_optionals: COMMA formula_selection .
  403                  | COMMA formula_selection . COMMA space_name

    COMMA  shift, and go to state 65

    $default  reduce using rule 402 (include_optionals)


State 55

  400 include: _LIT_include LPAREN file_name include_optionals RPAREN . PERIOD

    PERIOD  shift, and go to state 66


State 56

   15 tcf_annotated: _LIT_tcf LPAREN name COMMA formula_role . COMMA tcf_formula annotations RPAREN PERIOD

    COMMA  shift, and go to state 67


State 57

   14 tff_annotated: _LIT_tff LPAREN name COMMA formula_role . COMMA tff_formula annotations RPAREN PERIOD

    COMMA  shift, and go to state 68


State 58

   13 thf_annotated: _LIT_thf LPAREN name COMMA formula_role . COMMA thf_formula annotations RPAREN PERIOD

    COMMA  shift, and go to state 69


State 59

   11 tpi_annotated: _LIT_tpi LPAREN name COMMA formula_role . COMMA tpi_formula annotations RPAREN PERIOD

    COMMA  shift, and go to state 70


State 60

   21 formula_role: lower_word MINUS . general_term

    LBRKT            shift, and go to state 71
    _DLR_cnf         shift, and go to state 72
    _DLR_fof         shift, and go to state 73
    _DLR_fot         shift, and go to state 74
    _DLR_tff         shift, and go to state 75
    _DLR_thf         shift, and go to state 76
    back_quoted      shift, and go to state 27
    distinct_object  shift, and go to state 77
    integer          shift, and go to state 78
    lower_word       shift, and go to state 29
    rational         shift, and go to state 79
    real             shift, and go to state 80
    single_quoted    shift, and go to state 30
    upper_word       shift, and go to state 81

    variable          go to state 82
    general_term      go to state 83
    general_data      go to state 84
    general_function  go to state 85
    formula_data      go to state 86
    general_list      go to state 87
    atomic_word       go to state 88
    number            go to state 89


State 61

   17 cnf_annotated: _LIT_cnf LPAREN name COMMA formula_role COMMA . cnf_formula annotations RPAREN PERIOD

    LPAREN              shift, and go to state 90
    TILDE               shift, and go to state 91
    back_quoted         shift, and go to state 27
    distinct_object     shift, and go to state 92
    dollar_dollar_word  shift, and go to state 93
    dollar_word         shift, and go to state 94
    integer             shift, and go to state 78
    lower_word          shift, and go to state 29
    rational            shift, and go to state 79
    real                shift, and go to state 80
    single_quoted       shift, and go to state 30
    upper_word          shift, and go to state 81

    fof_infix_unary             go to state 95
    fof_atomic_formula          go to state 96
    fof_plain_atomic_formula    go to state 97
    fof_defined_atomic_formula  go to state 98
    fof_defined_plain_formula   go to state 99
    fof_defined_infix_formula   go to state 100
    fof_system_atomic_formula   go to state 101
    fof_plain_term              go to state 102
    fof_defined_term            go to state 103
    fof_defined_atomic_term     go to state 104
    fof_defined_plain_term      go to state 105
    fof_system_term             go to state 106
    fof_term                    go to state 107
    fof_function_term           go to state 108
    cnf_formula                 go to state 109
    cnf_disjunction             go to state 110
    cnf_literal                 go to state 111
    constant                    go to state 112
    functor                     go to state 113
    defined_constant            go to state 114
    defined_functor             go to state 115
    system_constant             go to state 116
    system_functor              go to state 117
    defined_term                go to state 118
    variable                    go to state 119
    atomic_word                 go to state 120
    atomic_defined_word         go to state 121
    atomic_system_word          go to state 122
    number                      go to state 123


State 62

   16 fof_annotated: _LIT_fof LPAREN name COMMA formula_role COMMA . fof_formula annotations RPAREN PERIOD

    EXCLAMATION         shift, and go to state 124
    LBRKT               shift, and go to state 125
    LPAREN              shift, and go to state 126
    QUESTION            shift, and go to state 127
    TILDE               shift, and go to state 128
    back_quoted         shift, and go to state 27
    distinct_object     shift, and go to state 92
    dollar_dollar_word  shift, and go to state 93
    dollar_word         shift, and go to state 94
    integer             shift, and go to state 78
    lower_word          shift, and go to state 29
    rational            shift, and go to state 79
    real                shift, and go to state 80
    single_quoted       shift, and go to state 30
    upper_word          shift, and go to state 81

    fof_formula                 go to state 129
    fof_logic_formula           go to state 130
    fof_binary_formula          go to state 131
    fof_binary_nonassoc         go to state 132
    fof_binary_assoc            go to state 133
    fof_or_formula              go to state 134
    fof_and_formula             go to state 135
    fof_unary_formula           go to state 136
    fof_infix_unary             go to state 137
    fof_unit_formula            go to state 138
    fof_unitary_formula         go to state 139
    fof_quantified_formula      go to state 140
    fof_atomic_formula          go to state 141
    fof_plain_atomic_formula    go to state 97
    fof_defined_atomic_formula  go to state 98
    fof_defined_plain_formula   go to state 99
    fof_defined_infix_formula   go to state 100
    fof_system_atomic_formula   go to state 101
    fof_plain_term              go to state 102
    fof_defined_term            go to state 103
    fof_defined_atomic_term     go to state 104
    fof_defined_plain_term      go to state 105
    fof_system_term             go to state 106
    fof_term                    go to state 107
    fof_function_term           go to state 108
    fof_sequent                 go to state 142
    fof_formula_tuple           go to state 143
    fof_quantifier              go to state 144
    unary_connective            go to state 145
    constant                    go to state 112
    functor                     go to state 113
    defined_constant            go to state 114
    defined_functor             go to state 115
    system_constant             go to state 116
    system_functor              go to state 117
    defined_term                go to state 118
    variable                    go to state 119
    atomic_word                 go to state 120
    atomic_defined_word         go to state 121
    atomic_system_word          go to state 122
    number                      go to state 123


State 63

  404 formula_selection: LBRKT name_list . RBRKT

    RBRKT  shift, and go to state 146


State 64

  406 name_list: name .
  407          | name . COMMA name_list

    COMMA  shift, and go to state 147

    $default  reduce using rule 406 (name_list)


State 65

  403 include_optionals: COMMA formula_selection COMMA . space_name

    back_quoted    shift, and go to state 27
    integer        shift, and go to state 28
    lower_word     shift, and go to state 29
    single_quoted  shift, and go to state 30

    space_name   go to state 148
    name         go to state 149
    atomic_word  go to state 32


State 66

  400 include: _LIT_include LPAREN file_name include_optionals RPAREN PERIOD .

    $default  reduce using rule 400 (include)


State 67

   15 tcf_annotated: _LIT_tcf LPAREN name COMMA formula_role COMMA . tcf_formula annotations RPAREN PERIOD

    EXCLAMATION         shift, and go to state 150
    LPAREN              shift, and go to state 151
    TILDE               shift, and go to state 91
    back_quoted         shift, and go to state 27
    distinct_object     shift, and go to state 152
    dollar_dollar_word  shift, and go to state 93
    dollar_word         shift, and go to state 94
    integer             shift, and go to state 78
    lower_word          shift, and go to state 29
    rational            shift, and go to state 79
    real                shift, and go to state 80
    single_quoted       shift, and go to state 30
    upper_word          shift, and go to state 81

    tff_atom_typing             go to state 153
    tcf_formula                 go to state 154
    tcf_logic_formula           go to state 155
    tcf_quantified_formula      go to state 156
    fof_infix_unary             go to state 95
    fof_atomic_formula          go to state 96
    fof_plain_atomic_formula    go to state 97
    fof_defined_atomic_formula  go to state 98
    fof_defined_plain_formula   go to state 99
    fof_defined_infix_formula   go to state 100
    fof_system_atomic_formula   go to state 101
    fof_plain_term              go to state 102
    fof_defined_term            go to state 103
    fof_defined_atomic_term     go to state 104
    fof_defined_plain_term      go to state 105
    fof_system_term             go to state 106
    fof_term                    go to state 107
    fof_function_term           go to state 108
    cnf_formula                 go to state 157
    cnf_disjunction             go to state 110
    cnf_literal                 go to state 111
    typeable_atom               go to state 158
    constant                    go to state 159
    functor                     go to state 113
    defined_constant            go to state 114
    defined_functor             go to state 115
    system_constant             go to state 116
    system_functor              go to state 117
    defined_term                go to state 118
    variable                    go to state 119
    atomic_word                 go to state 120
    atomic_defined_word         go to state 121
    atomic_system_word          go to state 122
    number                      go to state 123


State 68

   14 tff_annotated: _LIT_tff LPAREN name COMMA formula_role COMMA . tff_formula annotations RPAREN PERIOD

    EXCLAMATION         shift, and go to state 124
    LBRACE              shift, and go to state 160
    LBRKT               shift, and go to state 161
    LPAREN              shift, and go to state 162
    QUESTION            shift, and go to state 127
    TILDE               shift, and go to state 128
    _DLR_let            shift, and go to state 163
    back_quoted         shift, and go to state 27
    distinct_object     shift, and go to state 152
    dollar_dollar_word  shift, and go to state 93
    dollar_word         shift, and go to state 94
    hash                shift, and go to state 164
    integer             shift, and go to state 78
    less_sign           shift, and go to state 165
    lower_word          shift, and go to state 29
    rational            shift, and go to state 79
    real                shift, and go to state 80
    single_quoted       shift, and go to state 30
    upper_word          shift, and go to state 81

    tff_formula             go to state 166
    tff_logic_formula       go to state 167
    tff_binary_formula      go to state 168
    tff_binary_nonassoc     go to state 169
    tff_binary_assoc        go to state 170
    tff_or_formula          go to state 171
    tff_and_formula         go to state 172
    tff_unit_formula        go to state 173
    tff_unitary_formula     go to state 174
    txf_unitary_formula     go to state 175
    tff_quantified_formula  go to state 176
    tff_unary_formula       go to state 177
    tff_prefix_unary        go to state 178
    tff_infix_unary         go to state 179
    tff_atomic_formula      go to state 180
    tff_plain_atomic        go to state 181
    tff_defined_atomic      go to state 182
    tff_defined_plain       go to state 183
    tff_defined_infix       go to state 184
    tff_system_atomic       go to state 185
    txf_let                 go to state 186
    nxf_atom                go to state 187
    tff_unitary_term        go to state 188
    txf_tuple               go to state 189
    tff_atom_typing         go to state 190
    tff_subtype             go to state 191
    txf_definition          go to state 192
    txf_sequent             go to state 193
    nxf_long_connective     go to state 194
    ntf_short_connective    go to state 195
    tff_unary_connective    go to state 196
    tff_quantifier          go to state 197
    fof_quantifier          go to state 198
    unary_connective        go to state 199
    typeable_atom           go to state 200
    atomic_type             go to state 201
    system_type             go to state 202
    constant                go to state 203
    functor                 go to state 204
    defined_constant        go to state 205
    defined_functor         go to state 206
    system_constant         go to state 207
    system_functor          go to state 208
    defined_term            go to state 209
    variable                go to state 210
    atomic_word             go to state 120
    atomic_defined_word     go to state 121
    atomic_system_word      go to state 211
    number                  go to state 123


State 69

   13 thf_annotated: _LIT_thf LPAREN name COMMA formula_role COMMA . thf_formula annotations RPAREN PERIOD

    AT_AT_SIGN_MINUS         shift, and go to state 212
    AT_AT_SIGN_PLUS          shift, and go to state 213
    AT_SIGN_EQUALS           shift, and go to state 214
    AT_SIGN_MINUS            shift, and go to state 215
    AT_SIGN_PLUS             shift, and go to state 216
    CARET                    shift, and go to state 217
    EXCLAMATION              shift, and go to state 124
    EXCLAMATION_EXCLAMATION  shift, and go to state 218
    EXCLAMATION_GREATER      shift, and go to state 219
    LBRACE                   shift, and go to state 220
    LBRKT                    shift, and go to state 221
    LPAREN                   shift, and go to state 222
    QUESTION                 shift, and go to state 127
    QUESTION_QUESTION        shift, and go to state 223
    QUESTION_STAR            shift, and go to state 224
    TILDE                    shift, and go to state 128
    _DLR_let                 shift, and go to state 225
    back_quoted              shift, and go to state 27
    distinct_object          shift, and go to state 152
    dollar_dollar_word       shift, and go to state 93
    dollar_word              shift, and go to state 94
    hash                     shift, and go to state 164
    integer                  shift, and go to state 78
    less_sign                shift, and go to state 165
    lower_word               shift, and go to state 29
    rational                 shift, and go to state 79
    real                     shift, and go to state 80
    single_quoted            shift, and go to state 30
    upper_word               shift, and go to state 81

    thf_formula             go to state 226
    thf_logic_formula       go to state 227
    thf_binary_formula      go to state 228
    thf_binary_nonassoc     go to state 229
    thf_binary_assoc        go to state 230
    thf_or_formula          go to state 231
    thf_and_formula         go to state 232
    thf_apply_formula       go to state 233
    thf_unit_formula        go to state 234
    thf_unitary_formula     go to state 235
    thf_quantified_formula  go to state 236
    thf_quantification      go to state 237
    thf_unary_formula       go to state 238
    thf_prefix_unary        go to state 239
    thf_infix_unary         go to state 240
    thf_atomic_formula      go to state 241
    thf_plain_atomic        go to state 242
    thf_defined_atomic      go to state 243
    thf_defined_term        go to state 244
    thf_defined_infix       go to state 245
    thf_system_atomic       go to state 246
    thf_let                 go to state 247
    thf_unitary_term        go to state 248
    thf_tuple               go to state 249
    thf_fof_function        go to state 250
    thf_atom_typing         go to state 251
    thf_unitary_type        go to state 252
    thf_binary_type         go to state 253
    thf_mapping_type        go to state 254
    thf_xprod_type          go to state 255
    thf_union_type          go to state 256
    thf_subtype             go to state 257
    thf_definition          go to state 258
    thf_sequent             go to state 259
    nhf_long_connective     go to state 260
    ntf_short_connective    go to state 261
    thf_quantifier          go to state 262
    thf_unary_connective    go to state 263
    th0_quantifier          go to state 264
    type_quantifier         go to state 265
    tff_quantifier          go to state 266
    fof_quantifier          go to state 198
    unary_connective        go to state 267
    typeable_atom           go to state 268
    atomic_type             go to state 269
    system_type             go to state 202
    constant                go to state 270
    functor                 go to state 271
    defined_constant        go to state 272
    defined_functor         go to state 273
    system_constant         go to state 274
    system_functor          go to state 275
    th1_defined_term        go to state 276
    defined_term            go to state 277
    variable                go to state 278
    atomic_word             go to state 120
    atomic_defined_word     go to state 121
    atomic_system_word      go to state 211
    number                  go to state 123


State 70

   11 tpi_annotated: _LIT_tpi LPAREN name COMMA formula_role COMMA . tpi_formula annotations RPAREN PERIOD

    EXCLAMATION         shift, and go to state 124
    LBRKT               shift, and go to state 125
    LPAREN              shift, and go to state 126
    QUESTION            shift, and go to state 127
    TILDE               shift, and go to state 128
    back_quoted         shift, and go to state 27
    distinct_object     shift, and go to state 92
    dollar_dollar_word  shift, and go to state 93
    dollar_word         shift, and go to state 94
    integer             shift, and go to state 78
    lower_word          shift, and go to state 29
    rational            shift, and go to state 79
    real                shift, and go to state 80
    single_quoted       shift, and go to state 30
    upper_word          shift, and go to state 81

    tpi_formula                 go to state 279
    fof_formula                 go to state 280
    fof_logic_formula           go to state 130
    fof_binary_formula          go to state 131
    fof_binary_nonassoc         go to state 132
    fof_binary_assoc            go to state 133
    fof_or_formula              go to state 134
    fof_and_formula             go to state 135
    fof_unary_formula           go to state 136
    fof_infix_unary             go to state 137
    fof_unit_formula            go to state 138
    fof_unitary_formula         go to state 139
    fof_quantified_formula      go to state 140
    fof_atomic_formula          go to state 141
    fof_plain_atomic_formula    go to state 97
    fof_defined_atomic_formula  go to state 98
    fof_defined_plain_formula   go to state 99
    fof_defined_infix_formula   go to state 100
    fof_system_atomic_formula   go to state 101
    fof_plain_term              go to state 102
    fof_defined_term            go to state 103
    fof_defined_atomic_term     go to state 104
    fof_defined_plain_term      go to state 105
    fof_system_term             go to state 106
    fof_term                    go to state 107
    fof_function_term           go to state 108
    fof_sequent                 go to state 142
    fof_formula_tuple           go to state 143
    fof_quantifier              go to state 144
    unary_connective            go to state 145
    constant                    go to state 112
    functor                     go to state 113
    defined_constant            go to state 114
    defined_functor             go to state 115
    system_constant             go to state 116
    system_functor              go to state 117
    defined_term                go to state 118
    variable                    go to state 119
    atomic_word                 go to state 120
    atomic_defined_word         go to state 121
    atomic_system_word          go to state 122
    number                      go to state 123


State 71

  424 general_list: LBRKT . RBRKT
  425             | LBRKT . general_terms RBRKT

    LBRKT            shift, and go to state 71
    RBRKT            shift, and go to state 281
    _DLR_cnf         shift, and go to state 72
    _DLR_fof         shift, and go to state 73
    _DLR_fot         shift, and go to state 74
    _DLR_tff         shift, and go to state 75
    _DLR_thf         shift, and go to state 76
    back_quoted      shift, and go to state 27
    distinct_object  shift, and go to state 77
    integer          shift, and go to state 78
    lower_word       shift, and go to state 29
    rational         shift, and go to state 79
    real             shift, and go to state 80
    single_quoted    shift, and go to state 30
    upper_word       shift, and go to state 81

    variable          go to state 82
    general_term      go to state 282
    general_data      go to state 84
    general_function  go to state 85
    formula_data      go to state 86
    general_list      go to state 87
    general_terms     go to state 283
    atomic_word       go to state 88
    number            go to state 89


State 72

  422 formula_data: _DLR_cnf . LPAREN cnf_formula RPAREN

    LPAREN  shift, and go to state 284


State 73

  421 formula_data: _DLR_fof . LPAREN fof_formula RPAREN

    LPAREN  shift, and go to state 285


State 74

  423 formula_data: _DLR_fot . LPAREN fof_term RPAREN

    LPAREN  shift, and go to state 286


State 75

  420 formula_data: _DLR_tff . LPAREN tff_formula RPAREN

    LPAREN  shift, and go to state 287


State 76

  419 formula_data: _DLR_thf . LPAREN thf_formula RPAREN

    LPAREN  shift, and go to state 288


State 77

  416 general_data: distinct_object .

    $default  reduce using rule 416 (general_data)


State 78

  435 number: integer .

    $default  reduce using rule 435 (number)


State 79

  436 number: rational .

    $default  reduce using rule 436 (number)


State 80

  437 number: real .

    $default  reduce using rule 437 (number)


State 81

  373 variable: upper_word .

    $default  reduce using rule 373 (variable)


State 82

  414 general_data: variable .

    $default  reduce using rule 414 (general_data)


State 83

   21 formula_role: lower_word MINUS general_term .

    $default  reduce using rule 21 (formula_role)


State 84

  409 general_term: general_data .
  410             | general_data . COLON general_term

    COLON  shift, and go to state 289

    $default  reduce using rule 409 (general_term)


State 85

  413 general_data: general_function .

    $default  reduce using rule 413 (general_data)


State 86

  417 general_data: formula_data .

    $default  reduce using rule 417 (general_data)


State 87

  411 general_term: general_list .

    $default  reduce using rule 411 (general_term)


State 88

  412 general_data: atomic_word .
  418 general_function: atomic_word . LPAREN general_terms RPAREN

    LPAREN  shift, and go to state 290

    $default  reduce using rule 412 (general_data)


State 89

  415 general_data: number .

    $default  reduce using rule 415 (general_data)


State 90

  312 cnf_formula: LPAREN . cnf_formula RPAREN

    LPAREN              shift, and go to state 90
    TILDE               shift, and go to state 91
    back_quoted         shift, and go to state 27
    distinct_object     shift, and go to state 92
    dollar_dollar_word  shift, and go to state 93
    dollar_word         shift, and go to state 94
    integer             shift, and go to state 78
    lower_word          shift, and go to state 29
    rational            shift, and go to state 79
    real                shift, and go to state 80
    single_quoted       shift, and go to state 30
    upper_word          shift, and go to state 81

    fof_infix_unary             go to state 95
    fof_atomic_formula          go to state 96
    fof_plain_atomic_formula    go to state 97
    fof_defined_atomic_formula  go to state 98
    fof_defined_plain_formula   go to state 99
    fof_defined_infix_formula   go to state 100
    fof_system_atomic_formula   go to state 101
    fof_plain_term              go to state 102
    fof_defined_term            go to state 103
    fof_defined_atomic_term     go to state 104
    fof_defined_plain_term      go to state 105
    fof_system_term             go to state 106
    fof_term                    go to state 107
    fof_function_term           go to state 108
    cnf_formula                 go to state 291
    cnf_disjunction             go to state 110
    cnf_literal                 go to state 111
    constant                    go to state 112
    functor                     go to state 113
    defined_constant            go to state 114
    defined_functor             go to state 115
    system_constant             go to state 116
    system_functor              go to state 117
    defined_term                go to state 118
    variable                    go to state 119
    atomic_word                 go to state 120
    atomic_defined_word         go to state 121
    atomic_system_word          go to state 122
    number                      go to state 123


State 91

  316 cnf_literal: TILDE . fof_atomic_formula
  317            | TILDE . LPAREN fof_atomic_formula RPAREN

    LPAREN              shift, and go to state 292
    back_quoted         shift, and go to state 27
    distinct_object     shift, and go to state 92
    dollar_dollar_word  shift, and go to state 93
    dollar_word         shift, and go to state 94
    integer             shift, and go to state 78
    lower_word          shift, and go to state 29
    rational            shift, and go to state 79
    real                shift, and go to state 80
    single_quoted       shift, and go to state 30
    upper_word          shift, and go to state 81

    fof_atomic_formula          go to state 293
    fof_plain_atomic_formula    go to state 97
    fof_defined_atomic_formula  go to state 98
    fof_defined_plain_formula   go to state 99
    fof_defined_infix_formula   go to state 100
    fof_system_atomic_formula   go to state 101
    fof_plain_term              go to state 102
    fof_defined_term            go to state 103
    fof_defined_atomic_term     go to state 104
    fof_defined_plain_term      go to state 105
    fof_system_term             go to state 106
    fof_term                    go to state 294
    fof_function_term           go to state 108
    constant                    go to state 112
    functor                     go to state 113
    defined_constant            go to state 114
    defined_functor             go to state 115
    system_constant             go to state 116
    system_functor              go to state 117
    defined_term                go to state 118
    variable                    go to state 119
    atomic_word                 go to state 120
    atomic_defined_word         go to state 121
    atomic_system_word          go to state 122
    number                      go to state 123


State 92

  372 defined_term: distinct_object .

    $default  reduce using rule 372 (defined_term)


State 93

  434 atomic_system_word: dollar_dollar_word .

    $default  reduce using rule 434 (atomic_system_word)


State 94

  433 atomic_defined_word: dollar_word .

    $default  reduce using rule 433 (atomic_defined_word)


State 95

  318 cnf_literal: fof_infix_unary .

    $default  reduce using rule 318 (cnf_literal)


State 96

  315 cnf_literal: fof_atomic_formula .

    $default  reduce using rule 315 (cnf_literal)


State 97

  280 fof_atomic_formula: fof_plain_atomic_formula .

    $default  reduce using rule 280 (fof_atomic_formula)


State 98

  281 fof_atomic_formula: fof_defined_atomic_formula .

    $default  reduce using rule 281 (fof_atomic_formula)


State 99

  284 fof_defined_atomic_formula: fof_defined_plain_formula .

    $default  reduce using rule 284 (fof_defined_atomic_formula)


State 100

  285 fof_defined_atomic_formula: fof_defined_infix_formula .

    $default  reduce using rule 285 (fof_defined_atomic_formula)


State 101

  282 fof_atomic_formula: fof_system_atomic_formula .

    $default  reduce using rule 282 (fof_atomic_formula)


State 102

  283 fof_plain_atomic_formula: fof_plain_term .
  302 fof_function_term: fof_plain_term .

    EQUALS              reduce using rule 302 (fof_function_term)
    EXCLAMATION_EQUALS  reduce using rule 302 (fof_function_term)
    $default            reduce using rule 283 (fof_plain_atomic_formula)


State 103

  303 fof_function_term: fof_defined_term .

    $default  reduce using rule 303 (fof_function_term)


State 104

  292 fof_defined_term: fof_defined_atomic_term .

    $default  reduce using rule 292 (fof_defined_term)


State 105

  286 fof_defined_plain_formula: fof_defined_plain_term .
  293 fof_defined_atomic_term: fof_defined_plain_term .

    EQUALS              reduce using rule 293 (fof_defined_atomic_term)
    EXCLAMATION_EQUALS  reduce using rule 293 (fof_defined_atomic_term)
    $default            reduce using rule 286 (fof_defined_plain_formula)


State 106

  288 fof_system_atomic_formula: fof_system_term .
  304 fof_function_term: fof_system_term .

    EQUALS              reduce using rule 304 (fof_function_term)
    EXCLAMATION_EQUALS  reduce using rule 304 (fof_function_term)
    $default            reduce using rule 288 (fof_system_atomic_formula)


State 107

  271 fof_infix_unary: fof_term . infix_inequality fof_term
  287 fof_defined_infix_formula: fof_term . defined_infix_pred fof_term

    EQUALS              shift, and go to state 295
    EXCLAMATION_EQUALS  shift, and go to state 296

    defined_infix_pred  go to state 297
    infix_equality      go to state 298
    infix_inequality    go to state 299


State 108

  300 fof_term: fof_function_term .

    $default  reduce using rule 300 (fof_term)


State 109

   17 cnf_annotated: _LIT_cnf LPAREN name COMMA formula_role COMMA cnf_formula . annotations RPAREN PERIOD

    COMMA  shift, and go to state 300

    $default  reduce using rule 439 (nothing)

    annotations  go to state 301
    nothing      go to state 302


State 110

  311 cnf_formula: cnf_disjunction .
  314 cnf_disjunction: cnf_disjunction . VLINE cnf_literal

    VLINE  shift, and go to state 303

    $default  reduce using rule 311 (cnf_formula)


State 111

  313 cnf_disjunction: cnf_literal .

    $default  reduce using rule 313 (cnf_disjunction)


State 112

  289 fof_plain_term: constant .

    $default  reduce using rule 289 (fof_plain_term)


State 113

  290 fof_plain_term: functor . LPAREN fof_arguments RPAREN
  360 constant: functor .

    LPAREN  shift, and go to state 304

    $default  reduce using rule 360 (constant)


State 114

  294 fof_defined_plain_term: defined_constant .

    $default  reduce using rule 294 (fof_defined_plain_term)


State 115

  295 fof_defined_plain_term: defined_functor . LPAREN fof_arguments RPAREN
  362 defined_constant: defined_functor .

    LPAREN  shift, and go to state 305

    $default  reduce using rule 362 (defined_constant)


State 116

  296 fof_system_term: system_constant .

    $default  reduce using rule 296 (fof_system_term)


State 117

  297 fof_system_term: system_functor . LPAREN fof_arguments RPAREN
  364 system_constant: system_functor .

    LPAREN  shift, and go to state 306

    $default  reduce using rule 364 (system_constant)


State 118

  291 fof_defined_term: defined_term .

    $default  reduce using rule 291 (fof_defined_term)


State 119

  301 fof_term: variable .

    $default  reduce using rule 301 (fof_term)


State 120

  361 functor: atomic_word .

    $default  reduce using rule 361 (functor)


State 121

  363 defined_functor: atomic_defined_word .

    $default  reduce using rule 363 (defined_functor)


State 122

  365 system_functor: atomic_system_word .

    $default  reduce using rule 365 (system_functor)


State 123

  371 defined_term: number .

    $default  reduce using rule 371 (defined_term)


State 124

  334 fof_quantifier: EXCLAMATION .

    $default  reduce using rule 334 (fof_quantifier)


State 125

  307 fof_formula_tuple: LBRKT . RBRKT
  308                  | LBRKT . fof_formula_tuple_list RBRKT

    EXCLAMATION         shift, and go to state 124
    LPAREN              shift, and go to state 307
    QUESTION            shift, and go to state 127
    RBRKT               shift, and go to state 308
    TILDE               shift, and go to state 128
    back_quoted         shift, and go to state 27
    distinct_object     shift, and go to state 92
    dollar_dollar_word  shift, and go to state 93
    dollar_word         shift, and go to state 94
    integer             shift, and go to state 78
    lower_word          shift, and go to state 29
    rational            shift, and go to state 79
    real                shift, and go to state 80
    single_quoted       shift, and go to state 30
    upper_word          shift, and go to state 81

    fof_logic_formula           go to state 309
    fof_binary_formula          go to state 131
    fof_binary_nonassoc         go to state 132
    fof_binary_assoc            go to state 133
    fof_or_formula              go to state 134
    fof_and_formula             go to state 135
    fof_unary_formula           go to state 136
    fof_infix_unary             go to state 137
    fof_unit_formula            go to state 138
    fof_unitary_formula         go to state 139
    fof_quantified_formula      go to state 140
    fof_atomic_formula          go to state 141
    fof_plain_atomic_formula    go to state 97
    fof_defined_atomic_formula  go to state 98
    fof_defined_plain_formula   go to state 99
    fof_defined_infix_formula   go to state 100
    fof_system_atomic_formula   go to state 101
    fof_plain_term              go to state 102
    fof_defined_term            go to state 103
    fof_defined_atomic_term     go to state 104
    fof_defined_plain_term      go to state 105
    fof_system_term             go to state 106
    fof_term                    go to state 107
    fof_function_term           go to state 108
    fof_formula_tuple_list      go to state 310
    fof_quantifier              go to state 144
    unary_connective            go to state 145
    constant                    go to state 112
    functor                     go to state 113
    defined_constant            go to state 114
    defined_functor             go to state 115
    system_constant             go to state 116
    system_functor              go to state 117
    defined_term                go to state 118
    variable                    go to state 119
    atomic_word                 go to state 120
    atomic_defined_word         go to state 121
    atomic_system_word          go to state 122
    number                      go to state 123


State 126

  276 fof_unitary_formula: LPAREN . fof_logic_formula RPAREN
  306 fof_sequent: LPAREN . fof_sequent RPAREN

    EXCLAMATION         shift, and go to state 124
    LBRKT               shift, and go to state 125
    LPAREN              shift, and go to state 126
    QUESTION            shift, and go to state 127
    TILDE               shift, and go to state 128
    back_quoted         shift, and go to state 27
    distinct_object     shift, and go to state 92
    dollar_dollar_word  shift, and go to state 93
    dollar_word         shift, and go to state 94
    integer             shift, and go to state 78
    lower_word          shift, and go to state 29
    rational            shift, and go to state 79
    real                shift, and go to state 80
    single_quoted       shift, and go to state 30
    upper_word          shift, and go to state 81

    fof_logic_formula           go to state 311
    fof_binary_formula          go to state 131
    fof_binary_nonassoc         go to state 132
    fof_binary_assoc            go to state 133
    fof_or_formula              go to state 134
    fof_and_formula             go to state 135
    fof_unary_formula           go to state 136
    fof_infix_unary             go to state 137
    fof_unit_formula            go to state 138
    fof_unitary_formula         go to state 139
    fof_quantified_formula      go to state 140
    fof_atomic_formula          go to state 141
    fof_plain_atomic_formula    go to state 97
    fof_defined_atomic_formula  go to state 98
    fof_defined_plain_formula   go to state 99
    fof_defined_infix_formula   go to state 100
    fof_system_atomic_formula   go to state 101
    fof_plain_term              go to state 102
    fof_defined_term            go to state 103
    fof_defined_atomic_term     go to state 104
    fof_defined_plain_term      go to state 105
    fof_system_term             go to state 106
    fof_term                    go to state 107
    fof_function_term           go to state 108
    fof_sequent                 go to state 312
    fof_formula_tuple           go to state 143
    fof_quantifier              go to state 144
    unary_connective            go to state 145
    constant                    go to state 112
    functor                     go to state 113
    defined_constant            go to state 114
    defined_functor             go to state 115
    system_constant             go to state 116
    system_functor              go to state 117
    defined_term                go to state 118
    variable                    go to state 119
    atomic_word                 go to state 120
    atomic_defined_word         go to state 121
    atomic_system_word          go to state 122
    number                      go to state 123


State 127

  335 fof_quantifier: QUESTION .

    $default  reduce using rule 335 (fof_quantifier)


State 128

  344 unary_connective: TILDE .

    $default  reduce using rule 344 (unary_connective)


State 129

   16 fof_annotated: _LIT_fof LPAREN name COMMA formula_role COMMA fof_formula . annotations RPAREN PERIOD

    COMMA  shift, and go to state 300

    $default  reduce using rule 439 (nothing)

    annotations  go to state 313
    nothing      go to state 302


State 130

  255 fof_formula: fof_logic_formula .

    $default  reduce using rule 255 (fof_formula)


State 131

  257 fof_logic_formula: fof_binary_formula .

    $default  reduce using rule 257 (fof_logic_formula)


State 132

  260 fof_binary_formula: fof_binary_nonassoc .

    $default  reduce using rule 260 (fof_binary_formula)


State 133

  261 fof_binary_formula: fof_binary_assoc .

    $default  reduce using rule 261 (fof_binary_formula)


State 134

  263 fof_binary_assoc: fof_or_formula .
  266 fof_or_formula: fof_or_formula . VLINE fof_unit_formula

    VLINE  shift, and go to state 314

    $default  reduce using rule 263 (fof_binary_assoc)


State 135

  264 fof_binary_assoc: fof_and_formula .
  268 fof_and_formula: fof_and_formula . AMPERSAND fof_unit_formula

    AMPERSAND  shift, and go to state 315

    $default  reduce using rule 264 (fof_binary_assoc)


State 136

  258 fof_logic_formula: fof_unary_formula .
  273 fof_unit_formula: fof_unary_formula .

    COMMA     reduce using rule 258 (fof_logic_formula)
    RBRKT     reduce using rule 258 (fof_logic_formula)
    RPAREN    reduce using rule 258 (fof_logic_formula)
    $default  reduce using rule 273 (fof_unit_formula)


State 137

  270 fof_unary_formula: fof_infix_unary .

    $default  reduce using rule 270 (fof_unary_formula)


State 138

  262 fof_binary_nonassoc: fof_unit_formula . nonassoc_connective fof_unit_formula
  265 fof_or_formula: fof_unit_formula . VLINE fof_unit_formula
  267 fof_and_formula: fof_unit_formula . AMPERSAND fof_unit_formula

    AMPERSAND            shift, and go to state 316
    EQUALS_GREATER       shift, and go to state 317
    LESS_EQUALS          shift, and go to state 318
    LESS_EQUALS_GREATER  shift, and go to state 319
    LESS_TILDE_GREATER   shift, and go to state 320
    TILDE_AMPERSAND      shift, and go to state 321
    TILDE_VLINE          shift, and go to state 322
    VLINE                shift, and go to state 323

    nonassoc_connective  go to state 324


State 139

  259 fof_logic_formula: fof_unitary_formula .
  272 fof_unit_formula: fof_unitary_formula .

    COMMA     reduce using rule 259 (fof_logic_formula)
    RBRKT     reduce using rule 259 (fof_logic_formula)
    RPAREN    reduce using rule 259 (fof_logic_formula)
    $default  reduce using rule 272 (fof_unit_formula)


State 140

  274 fof_unitary_formula: fof_quantified_formula .

    $default  reduce using rule 274 (fof_unitary_formula)


State 141

  275 fof_unitary_formula: fof_atomic_formula .

    $default  reduce using rule 275 (fof_unitary_formula)


State 142

  256 fof_formula: fof_sequent .

    $default  reduce using rule 256 (fof_formula)


State 143

  305 fof_sequent: fof_formula_tuple . gentzen_arrow fof_formula_tuple

    MINUS_MINUS_GREATER  shift, and go to state 325

    gentzen_arrow  go to state 326


State 144

  277 fof_quantified_formula: fof_quantifier . LBRKT fof_variable_list RBRKT COLON fof_unit_formula

    LBRKT  shift, and go to state 327


State 145

  269 fof_unary_formula: unary_connective . fof_unit_formula

    EXCLAMATION         shift, and go to state 124
    LPAREN              shift, and go to state 307
    QUESTION            shift, and go to state 127
    TILDE               shift, and go to state 128
    back_quoted         shift, and go to state 27
    distinct_object     shift, and go to state 92
    dollar_dollar_word  shift, and go to state 93
    dollar_word         shift, and go to state 94
    integer             shift, and go to state 78
    lower_word          shift, and go to state 29
    rational            shift, and go to state 79
    real                shift, and go to state 80
    single_quoted       shift, and go to state 30
    upper_word          shift, and go to state 81

    fof_unary_formula           go to state 328
    fof_infix_unary             go to state 137
    fof_unit_formula            go to state 329
    fof_unitary_formula         go to state 330
    fof_quantified_formula      go to state 140
    fof_atomic_formula          go to state 141
    fof_plain_atomic_formula    go to state 97
    fof_defined_atomic_formula  go to state 98
    fof_defined_plain_formula   go to state 99
    fof_defined_infix_formula   go to state 100
    fof_system_atomic_formula   go to state 101
    fof_plain_term              go to state 102
    fof_defined_term            go to state 103
    fof_defined_atomic_term     go to state 104
    fof_defined_plain_term      go to state 105
    fof_system_term             go to state 106
    fof_term                    go to state 107
    fof_function_term           go to state 108
    fof_quantifier              go to state 144
    unary_connective            go to state 145
    constant                    go to state 112
    functor                     go to state 113
    defined_constant            go to state 114
    defined_functor             go to state 115
    system_constant             go to state 116
    system_functor              go to state 117
    defined_term                go to state 118
    variable                    go to state 119
    atomic_word                 go to state 120
    atomic_defined_word         go to state 121
    atomic_system_word          go to state 122
    number                      go to state 123


State 146

  404 formula_selection: LBRKT name_list RBRKT .

    $default  reduce using rule 404 (formula_selection)


State 147

  407 name_list: name COMMA . name_list

    back_quoted    shift, and go to state 27
    integer        shift, and go to state 28
    lower_word     shift, and go to state 29
    single_quoted  shift, and go to state 30

    name_list    go to state 331
    name         go to state 64
    atomic_word  go to state 32


State 148

  403 include_optionals: COMMA formula_selection COMMA space_name .

    $default  reduce using rule 403 (include_optionals)


State 149

  408 space_name: name .

    $default  reduce using rule 408 (space_name)


State 150

  254 tcf_quantified_formula: EXCLAMATION . LBRKT tff_variable_list RBRKT COLON tcf_logic_formula

    LBRKT  shift, and go to state 332


State 151

  199 tff_atom_typing: LPAREN . tff_atom_typing RPAREN
  312 cnf_formula: LPAREN . cnf_formula RPAREN

    LPAREN              shift, and go to state 151
    TILDE               shift, and go to state 91
    back_quoted         shift, and go to state 27
    distinct_object     shift, and go to state 152
    dollar_dollar_word  shift, and go to state 93
    dollar_word         shift, and go to state 94
    integer             shift, and go to state 78
    lower_word          shift, and go to state 29
    rational            shift, and go to state 79
    real                shift, and go to state 80
    single_quoted       shift, and go to state 30
    upper_word          shift, and go to state 81

    tff_atom_typing             go to state 333
    fof_infix_unary             go to state 95
    fof_atomic_formula          go to state 96
    fof_plain_atomic_formula    go to state 97
    fof_defined_atomic_formula  go to state 98
    fof_defined_plain_formula   go to state 99
    fof_defined_infix_formula   go to state 100
    fof_system_atomic_formula   go to state 101
    fof_plain_term              go to state 102
    fof_defined_term            go to state 103
    fof_defined_atomic_term     go to state 104
    fof_defined_plain_term      go to state 105
    fof_system_term             go to state 106
    fof_term                    go to state 107
    fof_function_term           go to state 108
    cnf_formula                 go to state 291
    cnf_disjunction             go to state 110
    cnf_literal                 go to state 111
    typeable_atom               go to state 158
    constant                    go to state 159
    functor                     go to state 113
    defined_constant            go to state 114
    defined_functor             go to state 115
    system_constant             go to state 116
    system_functor              go to state 117
    defined_term                go to state 118
    variable                    go to state 119
    atomic_word                 go to state 120
    atomic_defined_word         go to state 121
    atomic_system_word          go to state 122
    number                      go to state 123


State 152

  349 typeable_atom: distinct_object .
  372 defined_term: distinct_object .

    COLON      reduce using rule 349 (typeable_atom)
    LESS_LESS  reduce using rule 349 (typeable_atom)
    $default   reduce using rule 372 (defined_term)


State 153

  251 tcf_formula: tff_atom_typing .

    $default  reduce using rule 251 (tcf_formula)


State 154

   15 tcf_annotated: _LIT_tcf LPAREN name COMMA formula_role COMMA tcf_formula . annotations RPAREN PERIOD

    COMMA  shift, and go to state 300

    $default  reduce using rule 439 (nothing)

    annotations  go to state 334
    nothing      go to state 302


State 155

  250 tcf_formula: tcf_logic_formula .

    $default  reduce using rule 250 (tcf_formula)


State 156

  252 tcf_logic_formula: tcf_quantified_formula .

    $default  reduce using rule 252 (tcf_logic_formula)


State 157

  253 tcf_logic_formula: cnf_formula .

    $default  reduce using rule 253 (tcf_logic_formula)


State 158

  198 tff_atom_typing: typeable_atom . COLON tff_top_level_type

    COLON  shift, and go to state 335


State 159

  289 fof_plain_term: constant .
  348 typeable_atom: constant .

    COLON     reduce using rule 348 (typeable_atom)
    $default  reduce using rule 289 (fof_plain_term)


State 160

  235 nxf_long_connective: LBRACE . ntf_connective_name RBRACE
  236                    | LBRACE . ntf_connective_name LPAREN nxf_parameter_list RPAREN RBRACE
  248 ntf_short_connective: LBRACE . PERIOD RBRACE

    PERIOD              shift, and go to state 336
    dollar_dollar_word  shift, and go to state 93
    dollar_word         shift, and go to state 94

    ntf_connective_name     go to state 337
    ntf_defined_connective  go to state 338
    atomic_defined_word     go to state 339
    atomic_system_word      go to state 340


State 161

  194 txf_tuple: LBRKT . RBRKT
  195          | LBRKT . tff_arguments RBRKT
  246 ntf_short_connective: LBRKT . PERIOD RBRKT

    EXCLAMATION         shift, and go to state 124
    LBRACE              shift, and go to state 160
    LBRKT               shift, and go to state 161
    LPAREN              shift, and go to state 341
    PERIOD              shift, and go to state 342
    QUESTION            shift, and go to state 127
    RBRKT               shift, and go to state 343
    TILDE               shift, and go to state 128
    _DLR_let            shift, and go to state 163
    back_quoted         shift, and go to state 27
    distinct_object     shift, and go to state 92
    dollar_dollar_word  shift, and go to state 93
    dollar_word         shift, and go to state 94
    hash                shift, and go to state 164
    integer             shift, and go to state 78
    less_sign           shift, and go to state 165
    lower_word          shift, and go to state 29
    rational            shift, and go to state 79
    real                shift, and go to state 80
    single_quoted       shift, and go to state 30
    upper_word          shift, and go to state 81

    tff_logic_formula       go to state 344
    tff_binary_formula      go to state 168
    tff_binary_nonassoc     go to state 169
    tff_binary_assoc        go to state 170
    tff_or_formula          go to state 171
    tff_and_formula         go to state 172
    tff_unit_formula        go to state 173
    tff_unitary_formula     go to state 174
    txf_unitary_formula     go to state 175
    tff_quantified_formula  go to state 176
    tff_unary_formula       go to state 177
    tff_prefix_unary        go to state 178
    tff_infix_unary         go to state 179
    tff_atomic_formula      go to state 180
    tff_plain_atomic        go to state 181
    tff_defined_atomic      go to state 182
    tff_defined_plain       go to state 183
    tff_defined_infix       go to state 184
    tff_system_atomic       go to state 185
    txf_let                 go to state 186
    nxf_atom                go to state 187
    tff_term                go to state 345
    tff_unitary_term        go to state 188
    txf_tuple               go to state 346
    tff_arguments           go to state 347
    txf_definition          go to state 192
    txf_sequent             go to state 193
    nxf_long_connective     go to state 194
    ntf_short_connective    go to state 195
    tff_unary_connective    go to state 196
    tff_quantifier          go to state 197
    fof_quantifier          go to state 198
    unary_connective        go to state 199
    constant                go to state 348
    functor                 go to state 204
    defined_constant        go to state 349
    defined_functor         go to state 206
    system_constant         go to state 207
    system_functor          go to state 208
    defined_term            go to state 350
    variable                go to state 210
    atomic_word             go to state 120
    atomic_defined_word     go to state 121
    atomic_system_word      go to state 122
    number                  go to state 123


State 162

  148 tff_unitary_formula: LPAREN . tff_logic_formula RPAREN
  193 tff_unitary_term: LPAREN . tff_logic_formula RPAREN
  199 tff_atom_typing: LPAREN . tff_atom_typing RPAREN
  249 ntf_short_connective: LPAREN . PERIOD RPAREN

    EXCLAMATION         shift, and go to state 124
    LBRACE              shift, and go to state 160
    LBRKT               shift, and go to state 161
    LPAREN              shift, and go to state 162
    PERIOD              shift, and go to state 351
    QUESTION            shift, and go to state 127
    TILDE               shift, and go to state 128
    _DLR_let            shift, and go to state 163
    back_quoted         shift, and go to state 27
    distinct_object     shift, and go to state 152
    dollar_dollar_word  shift, and go to state 93
    dollar_word         shift, and go to state 94
    hash                shift, and go to state 164
    integer             shift, and go to state 78
    less_sign           shift, and go to state 165
    lower_word          shift, and go to state 29
    rational            shift, and go to state 79
    real                shift, and go to state 80
    single_quoted       shift, and go to state 30
    upper_word          shift, and go to state 81

    tff_logic_formula       go to state 352
    tff_binary_formula      go to state 168
    tff_binary_nonassoc     go to state 169
    tff_binary_assoc        go to state 170
    tff_or_formula          go to state 171
    tff_and_formula         go to state 172
    tff_unit_formula        go to state 173
    tff_unitary_formula     go to state 174
    txf_unitary_formula     go to state 175
    tff_quantified_formula  go to state 176
    tff_unary_formula       go to state 177
    tff_prefix_unary        go to state 178
    tff_infix_unary         go to state 179
    tff_atomic_formula      go to state 180
    tff_plain_atomic        go to state 181
    tff_defined_atomic      go to state 182
    tff_defined_plain       go to state 183
    tff_defined_infix       go to state 184
    tff_system_atomic       go to state 185
    txf_let                 go to state 186
    nxf_atom                go to state 187
    tff_unitary_term        go to state 188
    txf_tuple               go to state 189
    tff_atom_typing         go to state 333
    txf_definition          go to state 192
    txf_sequent             go to state 193
    nxf_long_connective     go to state 194
    ntf_short_connective    go to state 195
    tff_unary_connective    go to state 196
    tff_quantifier          go to state 197
    fof_quantifier          go to state 198
    unary_connective        go to state 199
    typeable_atom           go to state 158
    constant                go to state 203
    functor                 go to state 204
    defined_constant        go to state 349
    defined_functor         go to state 206
    system_constant         go to state 207
    system_functor          go to state 208
    defined_term            go to state 209
    variable                go to state 210
    atomic_word             go to state 120
    atomic_defined_word     go to state 121
    atomic_system_word      go to state 122
    number                  go to state 123


State 163

  173 txf_let: _DLR_let . LPAREN txf_let_types COMMA txf_let_defns COMMA tff_term RPAREN

    LPAREN  shift, and go to state 353


State 164

  333 tff_quantifier: hash .

    $default  reduce using rule 333 (tff_quantifier)


State 165

  247 ntf_short_connective: less_sign . PERIOD arrow

    PERIOD  shift, and go to state 354


State 166

   14 tff_annotated: _LIT_tff LPAREN name COMMA formula_role COMMA tff_formula . annotations RPAREN PERIOD

    COMMA  shift, and go to state 300

    $default  reduce using rule 439 (nothing)

    annotations  go to state 355
    nothing      go to state 302


State 167

  122 tff_formula: tff_logic_formula .

    $default  reduce using rule 122 (tff_formula)


State 168

  127 tff_logic_formula: tff_binary_formula .

    $default  reduce using rule 127 (tff_logic_formula)


State 169

  131 tff_binary_formula: tff_binary_nonassoc .

    $default  reduce using rule 131 (tff_binary_formula)


State 170

  132 tff_binary_formula: tff_binary_assoc .

    $default  reduce using rule 132 (tff_binary_formula)


State 171

  134 tff_binary_assoc: tff_or_formula .
  137 tff_or_formula: tff_or_formula . VLINE tff_unit_formula

    VLINE  shift, and go to state 356

    $default  reduce using rule 134 (tff_binary_assoc)


State 172

  135 tff_binary_assoc: tff_and_formula .
  139 tff_and_formula: tff_and_formula . AMPERSAND tff_unit_formula

    AMPERSAND  shift, and go to state 357

    $default  reduce using rule 135 (tff_binary_assoc)


State 173

  133 tff_binary_nonassoc: tff_unit_formula . nonassoc_connective tff_unit_formula
  136 tff_or_formula: tff_unit_formula . VLINE tff_unit_formula
  138 tff_and_formula: tff_unit_formula . AMPERSAND tff_unit_formula

    AMPERSAND            shift, and go to state 358
    EQUALS_GREATER       shift, and go to state 317
    LESS_EQUALS          shift, and go to state 318
    LESS_EQUALS_GREATER  shift, and go to state 319
    LESS_TILDE_GREATER   shift, and go to state 320
    TILDE_AMPERSAND      shift, and go to state 321
    TILDE_VLINE          shift, and go to state 322
    VLINE                shift, and go to state 359

    nonassoc_connective  go to state 360


State 174

  125 tff_logic_formula: tff_unitary_formula .
  140 tff_unit_formula: tff_unitary_formula .

    COMMA     reduce using rule 125 (tff_logic_formula)
    RBRKT     reduce using rule 125 (tff_logic_formula)
    RPAREN    reduce using rule 125 (tff_logic_formula)
    $default  reduce using rule 140 (tff_unit_formula)


State 175

  147 tff_unitary_formula: txf_unitary_formula .

    $default  reduce using rule 147 (tff_unitary_formula)


State 176

  145 tff_unitary_formula: tff_quantified_formula .

    $default  reduce using rule 145 (tff_unitary_formula)


State 177

  126 tff_logic_formula: tff_unary_formula .
  141 tff_unit_formula: tff_unary_formula .

    COMMA     reduce using rule 126 (tff_logic_formula)
    RBRKT     reduce using rule 126 (tff_logic_formula)
    RPAREN    reduce using rule 126 (tff_logic_formula)
    $default  reduce using rule 141 (tff_unit_formula)


State 178

  156 tff_unary_formula: tff_prefix_unary .

    $default  reduce using rule 156 (tff_unary_formula)


State 179

  157 tff_unary_formula: tff_infix_unary .

    $default  reduce using rule 157 (tff_unary_formula)


State 180

  146 tff_unitary_formula: tff_atomic_formula .
  189 tff_unitary_term: tff_atomic_formula .
  226 txf_definition: tff_atomic_formula . identical tff_term

    EQUALS_EQUALS  shift, and go to state 361

    EQUALS              reduce using rule 189 (tff_unitary_term)
    EXCLAMATION_EQUALS  reduce using rule 189 (tff_unitary_term)
    $default            reduce using rule 146 (tff_unitary_formula)

    identical  go to state 362


State 181

  160 tff_atomic_formula: tff_plain_atomic .

    $default  reduce using rule 160 (tff_atomic_formula)


State 182

  161 tff_atomic_formula: tff_defined_atomic .

    $default  reduce using rule 161 (tff_atomic_formula)


State 183

  165 tff_defined_atomic: tff_defined_plain .

    $default  reduce using rule 165 (tff_defined_atomic)


State 184

  128 tff_logic_formula: tff_defined_infix .
  142 tff_unit_formula: tff_defined_infix .

    COMMA     reduce using rule 128 (tff_logic_formula)
    RBRKT     reduce using rule 128 (tff_logic_formula)
    RPAREN    reduce using rule 128 (tff_logic_formula)
    $default  reduce using rule 142 (tff_unit_formula)


State 185

  162 tff_atomic_formula: tff_system_atomic .

    $default  reduce using rule 162 (tff_atomic_formula)


State 186

  169 tff_defined_plain: txf_let .

    $default  reduce using rule 169 (tff_defined_plain)


State 187

  168 tff_defined_plain: nxf_atom .

    $default  reduce using rule 168 (tff_defined_plain)


State 188

  159 tff_infix_unary: tff_unitary_term . infix_inequality tff_unitary_term
  170 tff_defined_infix: tff_unitary_term . defined_infix_pred tff_unitary_term

    EQUALS              shift, and go to state 295
    EXCLAMATION_EQUALS  shift, and go to state 296

    defined_infix_pred  go to state 363
    infix_equality      go to state 298
    infix_inequality    go to state 364


State 189

  191 tff_unitary_term: txf_tuple .
  227 txf_sequent: txf_tuple . gentzen_arrow txf_tuple

    MINUS_MINUS_GREATER  shift, and go to state 325

    $default  reduce using rule 191 (tff_unitary_term)

    gentzen_arrow  go to state 365


State 190

  123 tff_formula: tff_atom_typing .

    $default  reduce using rule 123 (tff_formula)


State 191

  124 tff_formula: tff_subtype .

    $default  reduce using rule 124 (tff_formula)


State 192

  129 tff_logic_formula: txf_definition .

    $default  reduce using rule 129 (tff_logic_formula)


State 193

  130 tff_logic_formula: txf_sequent .

    $default  reduce using rule 130 (tff_logic_formula)


State 194

  185 nxf_atom: nxf_long_connective . AT_SIGN LPAREN tff_arguments RPAREN

    AT_SIGN  shift, and go to state 366


State 195

  331 tff_unary_connective: ntf_short_connective .

    $default  reduce using rule 331 (tff_unary_connective)


State 196

  158 tff_prefix_unary: tff_unary_connective . tff_preunit_formula

    EXCLAMATION         shift, and go to state 124
    LBRACE              shift, and go to state 160
    LBRKT               shift, and go to state 367
    LPAREN              shift, and go to state 368
    QUESTION            shift, and go to state 127
    TILDE               shift, and go to state 128
    _DLR_let            shift, and go to state 163
    back_quoted         shift, and go to state 27
    dollar_dollar_word  shift, and go to state 93
    dollar_word         shift, and go to state 94
    hash                shift, and go to state 164
    less_sign           shift, and go to state 165
    lower_word          shift, and go to state 29
    single_quoted       shift, and go to state 30
    upper_word          shift, and go to state 81

    tff_preunit_formula     go to state 369
    tff_unitary_formula     go to state 370
    txf_unitary_formula     go to state 175
    tff_quantified_formula  go to state 176
    tff_prefix_unary        go to state 371
    tff_atomic_formula      go to state 372
    tff_plain_atomic        go to state 181
    tff_defined_atomic      go to state 182
    tff_defined_plain       go to state 183
    tff_system_atomic       go to state 185
    txf_let                 go to state 186
    nxf_atom                go to state 187
    nxf_long_connective     go to state 194
    ntf_short_connective    go to state 195
    tff_unary_connective    go to state 196
    tff_quantifier          go to state 197
    fof_quantifier          go to state 198
    unary_connective        go to state 199
    constant                go to state 348
    functor                 go to state 204
    defined_constant        go to state 349
    defined_functor         go to state 206
    system_constant         go to state 207
    system_functor          go to state 208
    variable                go to state 373
    atomic_word             go to state 120
    atomic_defined_word     go to state 121
    atomic_system_word      go to state 122


State 197

  150 tff_quantified_formula: tff_quantifier . LBRKT tff_variable_list RBRKT COLON tff_unit_formula

    LBRKT  shift, and go to state 374


State 198

  332 tff_quantifier: fof_quantifier .

    $default  reduce using rule 332 (tff_quantifier)


State 199

  330 tff_unary_connective: unary_connective .

    $default  reduce using rule 330 (tff_unary_connective)


State 200

  198 tff_atom_typing: typeable_atom . COLON tff_top_level_type
  350 atomic_type: typeable_atom .

    COLON  shift, and go to state 335

    $default  reduce using rule 350 (atomic_type)


State 201

  225 tff_subtype: atomic_type . subtype_sign atomic_type

    LESS_LESS  shift, and go to state 375

    subtype_sign  go to state 376


State 202

  352 atomic_type: system_type .

    $default  reduce using rule 352 (atomic_type)


State 203

  163 tff_plain_atomic: constant .
  348 typeable_atom: constant .

    COLON      reduce using rule 348 (typeable_atom)
    LESS_LESS  reduce using rule 348 (typeable_atom)
    $default   reduce using rule 163 (tff_plain_atomic)


State 204

  164 tff_plain_atomic: functor . LPAREN tff_arguments RPAREN
  360 constant: functor .

    LPAREN  shift, and go to state 377

    $default  reduce using rule 360 (constant)


State 205

  166 tff_defined_plain: defined_constant .
  351 atomic_type: defined_constant .

    LESS_LESS  reduce using rule 351 (atomic_type)
    $default   reduce using rule 166 (tff_defined_plain)


State 206

  167 tff_defined_plain: defined_functor . LPAREN tff_arguments RPAREN
  362 defined_constant: defined_functor .

    LPAREN  shift, and go to state 378

    $default  reduce using rule 362 (defined_constant)


State 207

  171 tff_system_atomic: system_constant .

    $default  reduce using rule 171 (tff_system_atomic)


State 208

  172 tff_system_atomic: system_functor . LPAREN tff_arguments RPAREN
  364 system_constant: system_functor .

    LPAREN  shift, and go to state 379

    $default  reduce using rule 364 (system_constant)


State 209

  190 tff_unitary_term: defined_term .

    $default  reduce using rule 190 (tff_unitary_term)


State 210

  149 txf_unitary_formula: variable .
  192 tff_unitary_term: variable .

    EQUALS              reduce using rule 192 (tff_unitary_term)
    EXCLAMATION_EQUALS  reduce using rule 192 (tff_unitary_term)
    $default            reduce using rule 149 (txf_unitary_formula)


State 211

  356 system_type: atomic_system_word .
  365 system_functor: atomic_system_word .

    LESS_LESS  reduce using rule 356 (system_type)
    $default   reduce using rule 365 (system_functor)


State 212

  369 th1_defined_term: AT_AT_SIGN_MINUS .

    $default  reduce using rule 369 (th1_defined_term)


State 213

  368 th1_defined_term: AT_AT_SIGN_PLUS .

    $default  reduce using rule 368 (th1_defined_term)


State 214

  370 th1_defined_term: AT_SIGN_EQUALS .

    $default  reduce using rule 370 (th1_defined_term)


State 215

  326 th0_quantifier: AT_SIGN_MINUS .

    $default  reduce using rule 326 (th0_quantifier)


State 216

  325 th0_quantifier: AT_SIGN_PLUS .

    $default  reduce using rule 325 (th0_quantifier)


State 217

  324 th0_quantifier: CARET .

    $default  reduce using rule 324 (th0_quantifier)


State 218

  366 th1_defined_term: EXCLAMATION_EXCLAMATION .

    $default  reduce using rule 366 (th1_defined_term)


State 219

  327 type_quantifier: EXCLAMATION_GREATER .

    $default  reduce using rule 327 (type_quantifier)


State 220

  228 nhf_long_connective: LBRACE . ntf_connective_name RBRACE
  229                    | LBRACE . ntf_connective_name LPAREN nhf_parameter_list RPAREN RBRACE
  248 ntf_short_connective: LBRACE . PERIOD RBRACE

    PERIOD              shift, and go to state 336
    dollar_dollar_word  shift, and go to state 93
    dollar_word         shift, and go to state 94

    ntf_connective_name     go to state 380
    ntf_defined_connective  go to state 338
    atomic_defined_word     go to state 339
    atomic_system_word      go to state 340


State 221

   95 thf_tuple: LBRKT . RBRKT
   96          | LBRKT . thf_formula_list RBRKT
  246 ntf_short_connective: LBRKT . PERIOD RBRKT

    AT_AT_SIGN_MINUS         shift, and go to state 212
    AT_AT_SIGN_PLUS          shift, and go to state 213
    AT_SIGN_EQUALS           shift, and go to state 214
    AT_SIGN_MINUS            shift, and go to state 215
    AT_SIGN_PLUS             shift, and go to state 216
    CARET                    shift, and go to state 217
    EXCLAMATION              shift, and go to state 124
    EXCLAMATION_EXCLAMATION  shift, and go to state 218
    EXCLAMATION_GREATER      shift, and go to state 219
    LBRACE                   shift, and go to state 220
    LBRKT                    shift, and go to state 221
    LPAREN                   shift, and go to state 381
    PERIOD                   shift, and go to state 342
    QUESTION                 shift, and go to state 127
    QUESTION_QUESTION        shift, and go to state 223
    QUESTION_STAR            shift, and go to state 224
    RBRKT                    shift, and go to state 382
    TILDE                    shift, and go to state 128
    _DLR_let                 shift, and go to state 225
    back_quoted              shift, and go to state 27
    distinct_object          shift, and go to state 92
    dollar_dollar_word       shift, and go to state 93
    dollar_word              shift, and go to state 94
    hash                     shift, and go to state 164
    integer                  shift, and go to state 78
    less_sign                shift, and go to state 165
    lower_word               shift, and go to state 29
    rational                 shift, and go to state 79
    real                     shift, and go to state 80
    single_quoted            shift, and go to state 30
    upper_word               shift, and go to state 81

    thf_logic_formula       go to state 383
    thf_binary_formula      go to state 228
    thf_binary_nonassoc     go to state 229
    thf_binary_assoc        go to state 230
    thf_or_formula          go to state 231
    thf_and_formula         go to state 232
    thf_apply_formula       go to state 233
    thf_unit_formula        go to state 234
    thf_unitary_formula     go to state 235
    thf_quantified_formula  go to state 236
    thf_quantification      go to state 237
    thf_unary_formula       go to state 238
    thf_prefix_unary        go to state 239
    thf_infix_unary         go to state 240
    thf_atomic_formula      go to state 241
    thf_plain_atomic        go to state 242
    thf_defined_atomic      go to state 243
    thf_defined_term        go to state 244
    thf_defined_infix       go to state 245
    thf_system_atomic       go to state 246
    thf_let                 go to state 247
    thf_unitary_term        go to state 248
    thf_tuple               go to state 249
    thf_fof_function        go to state 250
    thf_formula_list        go to state 384
    thf_unitary_type        go to state 252
    thf_binary_type         go to state 253
    thf_mapping_type        go to state 254
    thf_xprod_type          go to state 255
    thf_union_type          go to state 256
    thf_definition          go to state 258
    thf_sequent             go to state 259
    nhf_long_connective     go to state 260
    ntf_short_connective    go to state 261
    thf_quantifier          go to state 262
    thf_unary_connective    go to state 263
    th0_quantifier          go to state 264
    type_quantifier         go to state 265
    tff_quantifier          go to state 266
    fof_quantifier          go to state 198
    unary_connective        go to state 267
    constant                go to state 385
    functor                 go to state 271
    defined_constant        go to state 386
    defined_functor         go to state 273
    system_constant         go to state 274
    system_functor          go to state 275
    th1_defined_term        go to state 276
    defined_term            go to state 277
    variable                go to state 278
    atomic_word             go to state 120
    atomic_defined_word     go to state 121
    atomic_system_word      go to state 122
    number                  go to state 123


State 222

   52 thf_unitary_formula: LPAREN . thf_logic_formula RPAREN
   70 thf_defined_atomic: LPAREN . thf_conn_term RPAREN
   89 thf_unitary_term: LPAREN . thf_logic_formula RPAREN
  104 thf_atom_typing: LPAREN . thf_atom_typing RPAREN
  249 ntf_short_connective: LPAREN . PERIOD RPAREN

    AMPERSAND                shift, and go to state 387
    AT_AT_SIGN_MINUS         shift, and go to state 212
    AT_AT_SIGN_PLUS          shift, and go to state 213
    AT_SIGN_EQUALS           shift, and go to state 214
    AT_SIGN_MINUS            shift, and go to state 215
    AT_SIGN_PLUS             shift, and go to state 216
    CARET                    shift, and go to state 217
    EQUALS                   shift, and go to state 295
    EQUALS_GREATER           shift, and go to state 317
    EXCLAMATION              shift, and go to state 124
    EXCLAMATION_EQUALS       shift, and go to state 296
    EXCLAMATION_EXCLAMATION  shift, and go to state 218
    EXCLAMATION_GREATER      shift, and go to state 219
    LBRACE                   shift, and go to state 220
    LBRKT                    shift, and go to state 221
    LESS_EQUALS              shift, and go to state 318
    LESS_EQUALS_GREATER      shift, and go to state 319
    LESS_TILDE_GREATER       shift, and go to state 320
    LPAREN                   shift, and go to state 222
    PERIOD                   shift, and go to state 351
    QUESTION                 shift, and go to state 127
    QUESTION_QUESTION        shift, and go to state 223
    QUESTION_STAR            shift, and go to state 224
    TILDE                    shift, and go to state 128
    TILDE_AMPERSAND          shift, and go to state 321
    TILDE_VLINE              shift, and go to state 322
    VLINE                    shift, and go to state 388
    _DLR_let                 shift, and go to state 225
    back_quoted              shift, and go to state 27
    distinct_object          shift, and go to state 152
    dollar_dollar_word       shift, and go to state 93
    dollar_word              shift, and go to state 94
    hash                     shift, and go to state 164
    integer                  shift, and go to state 78
    less_sign                shift, and go to state 165
    lower_word               shift, and go to state 29
    rational                 shift, and go to state 79
    real                     shift, and go to state 80
    single_quoted            shift, and go to state 30
    upper_word               shift, and go to state 81

    thf_logic_formula       go to state 389
    thf_binary_formula      go to state 228
    thf_binary_nonassoc     go to state 229
    thf_binary_assoc        go to state 230
    thf_or_formula          go to state 231
    thf_and_formula         go to state 232
    thf_apply_formula       go to state 233
    thf_unit_formula        go to state 234
    thf_unitary_formula     go to state 235
    thf_quantified_formula  go to state 236
    thf_quantification      go to state 237
    thf_unary_formula       go to state 238
    thf_prefix_unary        go to state 239
    thf_infix_unary         go to state 240
    thf_atomic_formula      go to state 241
    thf_plain_atomic        go to state 242
    thf_defined_atomic      go to state 243
    thf_defined_term        go to state 244
    thf_defined_infix       go to state 245
    thf_system_atomic       go to state 246
    thf_let                 go to state 247
    thf_unitary_term        go to state 248
    thf_conn_term           go to state 390
    thf_tuple               go to state 249
    thf_fof_function        go to state 250
    thf_atom_typing         go to state 391
    thf_unitary_type        go to state 252
    thf_binary_type         go to state 253
    thf_mapping_type        go to state 254
    thf_xprod_type          go to state 255
    thf_union_type          go to state 256
    thf_definition          go to state 258
    thf_sequent             go to state 259
    nhf_long_connective     go to state 260
    ntf_short_connective    go to state 261
    thf_quantifier          go to state 262
    thf_unary_connective    go to state 392
    th0_quantifier          go to state 264
    type_quantifier         go to state 265
    tff_quantifier          go to state 266
    fof_quantifier          go to state 198
    nonassoc_connective     go to state 393
    assoc_connective        go to state 394
    unary_connective        go to state 267
    typeable_atom           go to state 395
    infix_equality          go to state 396
    infix_inequality        go to state 397
    constant                go to state 270
    functor                 go to state 271
    defined_constant        go to state 386
    defined_functor         go to state 273
    system_constant         go to state 274
    system_functor          go to state 275
    th1_defined_term        go to state 276
    defined_term            go to state 277
    variable                go to state 278
    atomic_word             go to state 120
    atomic_defined_word     go to state 121
    atomic_system_word      go to state 122
    number                  go to state 123


State 223

  367 th1_defined_term: QUESTION_QUESTION .

    $default  reduce using rule 367 (th1_defined_term)


State 224

  328 type_quantifier: QUESTION_STAR .

    $default  reduce using rule 328 (type_quantifier)


State 225

   77 thf_let: _DLR_let . LPAREN thf_let_types COMMA thf_let_defns COMMA thf_logic_formula RPAREN

    LPAREN  shift, and go to state 398


State 226

   13 thf_annotated: _LIT_thf LPAREN name COMMA formula_role COMMA thf_formula . annotations RPAREN PERIOD

    COMMA  shift, and go to state 300

    $default  reduce using rule 439 (nothing)

    annotations  go to state 399
    nothing      go to state 302


State 227

   22 thf_formula: thf_logic_formula .

    $default  reduce using rule 22 (thf_formula)


State 228

   27 thf_logic_formula: thf_binary_formula .

    $default  reduce using rule 27 (thf_logic_formula)


State 229

   31 thf_binary_formula: thf_binary_nonassoc .

    $default  reduce using rule 31 (thf_binary_formula)


State 230

   32 thf_binary_formula: thf_binary_assoc .

    $default  reduce using rule 32 (thf_binary_formula)


State 231

   35 thf_binary_assoc: thf_or_formula .
   39 thf_or_formula: thf_or_formula . VLINE thf_unit_formula

    VLINE  shift, and go to state 400

    $default  reduce using rule 35 (thf_binary_assoc)


State 232

   36 thf_binary_assoc: thf_and_formula .
   41 thf_and_formula: thf_and_formula . AMPERSAND thf_unit_formula

    AMPERSAND  shift, and go to state 401

    $default  reduce using rule 36 (thf_binary_assoc)


State 233

   37 thf_binary_assoc: thf_apply_formula .
   43 thf_apply_formula: thf_apply_formula . AT_SIGN thf_unit_formula

    AT_SIGN  shift, and go to state 402

    $default  reduce using rule 37 (thf_binary_assoc)


State 234

   34 thf_binary_nonassoc: thf_unit_formula . nonassoc_connective thf_unit_formula
   38 thf_or_formula: thf_unit_formula . VLINE thf_unit_formula
   40 thf_and_formula: thf_unit_formula . AMPERSAND thf_unit_formula
   42 thf_apply_formula: thf_unit_formula . AT_SIGN thf_unit_formula

    AMPERSAND            shift, and go to state 403
    AT_SIGN              shift, and go to state 404
    EQUALS_GREATER       shift, and go to state 317
    LESS_EQUALS          shift, and go to state 318
    LESS_EQUALS_GREATER  shift, and go to state 319
    LESS_TILDE_GREATER   shift, and go to state 320
    TILDE_AMPERSAND      shift, and go to state 321
    TILDE_VLINE          shift, and go to state 322
    VLINE                shift, and go to state 405

    nonassoc_connective  go to state 406


State 235

   25 thf_logic_formula: thf_unitary_formula .
   44 thf_unit_formula: thf_unitary_formula .
  108 thf_unitary_type: thf_unitary_formula .

    COLON_EQUALS  reduce using rule 25 (thf_logic_formula)
    COMMA         reduce using rule 25 (thf_logic_formula)
    RBRKT         reduce using rule 25 (thf_logic_formula)
    RPAREN        reduce using rule 25 (thf_logic_formula)
    STAR          reduce using rule 108 (thf_unitary_type)
    arrow         reduce using rule 108 (thf_unitary_type)
    plus          reduce using rule 108 (thf_unitary_type)
    $default      reduce using rule 44 (thf_unit_formula)


State 236

   49 thf_unitary_formula: thf_quantified_formula .

    $default  reduce using rule 49 (thf_unitary_formula)


State 237

   53 thf_quantified_formula: thf_quantification . thf_unit_formula

    AT_AT_SIGN_MINUS         shift, and go to state 212
    AT_AT_SIGN_PLUS          shift, and go to state 213
    AT_SIGN_EQUALS           shift, and go to state 214
    AT_SIGN_MINUS            shift, and go to state 215
    AT_SIGN_PLUS             shift, and go to state 216
    CARET                    shift, and go to state 217
    EXCLAMATION              shift, and go to state 124
    EXCLAMATION_EXCLAMATION  shift, and go to state 218
    EXCLAMATION_GREATER      shift, and go to state 219
    LBRACE                   shift, and go to state 220
    LBRKT                    shift, and go to state 221
    LPAREN                   shift, and go to state 381
    QUESTION                 shift, and go to state 127
    QUESTION_QUESTION        shift, and go to state 223
    QUESTION_STAR            shift, and go to state 224
    TILDE                    shift, and go to state 128
    _DLR_let                 shift, and go to state 225
    back_quoted              shift, and go to state 27
    distinct_object          shift, and go to state 92
    dollar_dollar_word       shift, and go to state 93
    dollar_word              shift, and go to state 94
    hash                     shift, and go to state 164
    integer                  shift, and go to state 78
    less_sign                shift, and go to state 165
    lower_word               shift, and go to state 29
    rational                 shift, and go to state 79
    real                     shift, and go to state 80
    single_quoted            shift, and go to state 30
    upper_word               shift, and go to state 81

    thf_unit_formula        go to state 407
    thf_unitary_formula     go to state 408
    thf_quantified_formula  go to state 236
    thf_quantification      go to state 237
    thf_unary_formula       go to state 409
    thf_prefix_unary        go to state 239
    thf_infix_unary         go to state 240
    thf_atomic_formula      go to state 410
    thf_plain_atomic        go to state 242
    thf_defined_atomic      go to state 243
    thf_defined_term        go to state 244
    thf_defined_infix       go to state 411
    thf_system_atomic       go to state 246
    thf_let                 go to state 247
    thf_unitary_term        go to state 248
    thf_tuple               go to state 412
    thf_fof_function        go to state 250
    nhf_long_connective     go to state 260
    ntf_short_connective    go to state 261
    thf_quantifier          go to state 262
    thf_unary_connective    go to state 263
    th0_quantifier          go to state 264
    type_quantifier         go to state 265
    tff_quantifier          go to state 266
    fof_quantifier          go to state 198
    unary_connective        go to state 267
    constant                go to state 385
    functor                 go to state 271
    defined_constant        go to state 386
    defined_functor         go to state 273
    system_constant         go to state 274
    system_functor          go to state 275
    th1_defined_term        go to state 276
    defined_term            go to state 277
    variable                go to state 278
    atomic_word             go to state 120
    atomic_defined_word     go to state 121
    atomic_system_word      go to state 122
    number                  go to state 123


State 238

   26 thf_logic_formula: thf_unary_formula .
   45 thf_unit_formula: thf_unary_formula .

    COLON_EQUALS  reduce using rule 26 (thf_logic_formula)
    COMMA         reduce using rule 26 (thf_logic_formula)
    RBRKT         reduce using rule 26 (thf_logic_formula)
    RPAREN        reduce using rule 26 (thf_logic_formula)
    $default      reduce using rule 45 (thf_unit_formula)


State 239

   58 thf_unary_formula: thf_prefix_unary .

    $default  reduce using rule 58 (thf_unary_formula)


State 240

   59 thf_unary_formula: thf_infix_unary .

    $default  reduce using rule 59 (thf_unary_formula)


State 241

   50 thf_unitary_formula: thf_atomic_formula .
   87 thf_unitary_term: thf_atomic_formula .
  120 thf_definition: thf_atomic_formula . identical thf_logic_formula

    EQUALS_EQUALS  shift, and go to state 361

    EQUALS              reduce using rule 87 (thf_unitary_term)
    EXCLAMATION_EQUALS  reduce using rule 87 (thf_unitary_term)
    $default            reduce using rule 50 (thf_unitary_formula)

    identical  go to state 413


State 242

   62 thf_atomic_formula: thf_plain_atomic .

    $default  reduce using rule 62 (thf_atomic_formula)


State 243

   63 thf_atomic_formula: thf_defined_atomic .

    $default  reduce using rule 63 (thf_atomic_formula)


State 244

   69 thf_defined_atomic: thf_defined_term .

    $default  reduce using rule 69 (thf_defined_atomic)


State 245

   28 thf_logic_formula: thf_defined_infix .
   46 thf_unit_formula: thf_defined_infix .

    COLON_EQUALS  reduce using rule 28 (thf_logic_formula)
    COMMA         reduce using rule 28 (thf_logic_formula)
    RBRKT         reduce using rule 28 (thf_logic_formula)
    RPAREN        reduce using rule 28 (thf_logic_formula)
    $default      reduce using rule 46 (thf_unit_formula)


State 246

   64 thf_atomic_formula: thf_system_atomic .

    $default  reduce using rule 64 (thf_atomic_formula)


State 247

   72 thf_defined_atomic: thf_let .

    $default  reduce using rule 72 (thf_defined_atomic)


State 248

   61 thf_infix_unary: thf_unitary_term . infix_inequality thf_unitary_term
   75 thf_defined_infix: thf_unitary_term . defined_infix_pred thf_unitary_term

    EQUALS              shift, and go to state 295
    EXCLAMATION_EQUALS  shift, and go to state 296

    defined_infix_pred  go to state 414
    infix_equality      go to state 298
    infix_inequality    go to state 415


State 249

   67 thf_plain_atomic: thf_tuple .
  121 thf_sequent: thf_tuple . gentzen_arrow thf_tuple

    MINUS_MINUS_GREATER  shift, and go to state 325

    $default  reduce using rule 67 (thf_plain_atomic)

    gentzen_arrow  go to state 416


State 250

   65 thf_atomic_formula: thf_fof_function .

    $default  reduce using rule 65 (thf_atomic_formula)


State 251

   23 thf_formula: thf_atom_typing .

    $default  reduce using rule 23 (thf_formula)


State 252

  113 thf_mapping_type: thf_unitary_type . arrow thf_unitary_type
  114                 | thf_unitary_type . arrow thf_mapping_type
  115 thf_xprod_type: thf_unitary_type . STAR thf_unitary_type
  117 thf_union_type: thf_unitary_type . plus thf_unitary_type

    STAR   shift, and go to state 417
    arrow  shift, and go to state 418
    plus   shift, and go to state 419


State 253

   33 thf_binary_formula: thf_binary_type .

    $default  reduce using rule 33 (thf_binary_formula)


State 254

  110 thf_binary_type: thf_mapping_type .

    $default  reduce using rule 110 (thf_binary_type)


State 255

  111 thf_binary_type: thf_xprod_type .
  116 thf_xprod_type: thf_xprod_type . STAR thf_unitary_type

    STAR  shift, and go to state 420

    $default  reduce using rule 111 (thf_binary_type)


State 256

  112 thf_binary_type: thf_union_type .
  118 thf_union_type: thf_union_type . plus thf_unitary_type

    plus  shift, and go to state 421

    $default  reduce using rule 112 (thf_binary_type)


State 257

   24 thf_formula: thf_subtype .

    $default  reduce using rule 24 (thf_formula)


State 258

   29 thf_logic_formula: thf_definition .

    $default  reduce using rule 29 (thf_logic_formula)


State 259

   30 thf_logic_formula: thf_sequent .

    $default  reduce using rule 30 (thf_logic_formula)


State 260

   71 thf_defined_atomic: nhf_long_connective .

    $default  reduce using rule 71 (thf_defined_atomic)


State 261

  323 thf_unary_connective: ntf_short_connective .

    $default  reduce using rule 323 (thf_unary_connective)


State 262

   54 thf_quantification: thf_quantifier . LBRKT thf_variable_list RBRKT COLON

    LBRKT  shift, and go to state 422


State 263

   60 thf_prefix_unary: thf_unary_connective . thf_preunit_formula

    AT_AT_SIGN_MINUS         shift, and go to state 212
    AT_AT_SIGN_PLUS          shift, and go to state 213
    AT_SIGN_EQUALS           shift, and go to state 214
    AT_SIGN_MINUS            shift, and go to state 215
    AT_SIGN_PLUS             shift, and go to state 216
    CARET                    shift, and go to state 217
    EXCLAMATION              shift, and go to state 124
    EXCLAMATION_EXCLAMATION  shift, and go to state 218
    EXCLAMATION_GREATER      shift, and go to state 219
    LBRACE                   shift, and go to state 220
    LBRKT                    shift, and go to state 221
    LPAREN                   shift, and go to state 423
    QUESTION                 shift, and go to state 127
    QUESTION_QUESTION        shift, and go to state 223
    QUESTION_STAR            shift, and go to state 224
    TILDE                    shift, and go to state 128
    _DLR_let                 shift, and go to state 225
    back_quoted              shift, and go to state 27
    distinct_object          shift, and go to state 92
    dollar_dollar_word       shift, and go to state 93
    dollar_word              shift, and go to state 94
    hash                     shift, and go to state 164
    integer                  shift, and go to state 78
    less_sign                shift, and go to state 165
    lower_word               shift, and go to state 29
    rational                 shift, and go to state 79
    real                     shift, and go to state 80
    single_quoted            shift, and go to state 30
    upper_word               shift, and go to state 81

    thf_preunit_formula     go to state 424
    thf_unitary_formula     go to state 425
    thf_quantified_formula  go to state 236
    thf_quantification      go to state 237
    thf_prefix_unary        go to state 426
    thf_atomic_formula      go to state 427
    thf_plain_atomic        go to state 242
    thf_defined_atomic      go to state 243
    thf_defined_term        go to state 244
    thf_system_atomic       go to state 246
    thf_let                 go to state 247
    thf_tuple               go to state 412
    thf_fof_function        go to state 250
    nhf_long_connective     go to state 260
    ntf_short_connective    go to state 261
    thf_quantifier          go to state 262
    thf_unary_connective    go to state 263
    th0_quantifier          go to state 264
    type_quantifier         go to state 265
    tff_quantifier          go to state 266
    fof_quantifier          go to state 198
    unary_connective        go to state 267
    constant                go to state 385
    functor                 go to state 271
    defined_constant        go to state 386
    defined_functor         go to state 273
    system_constant         go to state 274
    system_functor          go to state 275
    th1_defined_term        go to state 276
    defined_term            go to state 277
    variable                go to state 428
    atomic_word             go to state 120
    atomic_defined_word     go to state 121
    atomic_system_word      go to state 122
    number                  go to state 123


State 264

  320 thf_quantifier: th0_quantifier .

    $default  reduce using rule 320 (thf_quantifier)


State 265

  321 thf_quantifier: type_quantifier .

    $default  reduce using rule 321 (thf_quantifier)


State 266

  319 thf_quantifier: tff_quantifier .

    $default  reduce using rule 319 (thf_quantifier)


State 267

  322 thf_unary_connective: unary_connective .

    $default  reduce using rule 322 (thf_unary_connective)


State 268

  103 thf_atom_typing: typeable_atom . COLON thf_top_level_type
  350 atomic_type: typeable_atom .

    COLON  shift, and go to state 429

    $default  reduce using rule 350 (atomic_type)


State 269

  119 thf_subtype: atomic_type . subtype_sign atomic_type

    LESS_LESS  shift, and go to state 375

    subtype_sign  go to state 430


State 270

   66 thf_plain_atomic: constant .
  348 typeable_atom: constant .

    COLON      reduce using rule 348 (typeable_atom)
    LESS_LESS  reduce using rule 348 (typeable_atom)
    $default   reduce using rule 66 (thf_plain_atomic)


State 271

   99 thf_fof_function: functor . LPAREN thf_arguments RPAREN
  360 constant: functor .

    LPAREN  shift, and go to state 431

    $default  reduce using rule 360 (constant)


State 272

   68 thf_defined_atomic: defined_constant .
  351 atomic_type: defined_constant .

    LESS_LESS  reduce using rule 351 (atomic_type)
    $default   reduce using rule 68 (thf_defined_atomic)


State 273

   97 thf_fof_function: defined_functor . LPAREN thf_arguments RPAREN
  362 defined_constant: defined_functor .

    LPAREN  shift, and go to state 432

    $default  reduce using rule 362 (defined_constant)


State 274

   76 thf_system_atomic: system_constant .

    $default  reduce using rule 76 (thf_system_atomic)


State 275

   98 thf_fof_function: system_functor . LPAREN thf_arguments RPAREN
  364 system_constant: system_functor .

    LPAREN  shift, and go to state 433

    $default  reduce using rule 364 (system_constant)


State 276

   74 thf_defined_term: th1_defined_term .

    $default  reduce using rule 74 (thf_defined_term)


State 277

   73 thf_defined_term: defined_term .

    $default  reduce using rule 73 (thf_defined_term)


State 278

   51 thf_unitary_formula: variable .
   88 thf_unitary_term: variable .

    EQUALS              reduce using rule 88 (thf_unitary_term)
    EXCLAMATION_EQUALS  reduce using rule 88 (thf_unitary_term)
    $default            reduce using rule 51 (thf_unitary_formula)


State 279

   11 tpi_annotated: _LIT_tpi LPAREN name COMMA formula_role COMMA tpi_formula . annotations RPAREN PERIOD

    COMMA  shift, and go to state 300

    $default  reduce using rule 439 (nothing)

    annotations  go to state 434
    nothing      go to state 302


State 280

   12 tpi_formula: fof_formula .

    $default  reduce using rule 12 (tpi_formula)


State 281

  424 general_list: LBRKT RBRKT .

    $default  reduce using rule 424 (general_list)


State 282

  426 general_terms: general_term .
  427              | general_term . COMMA general_terms

    COMMA  shift, and go to state 435

    $default  reduce using rule 426 (general_terms)


State 283

  425 general_list: LBRKT general_terms . RBRKT

    RBRKT  shift, and go to state 436


State 284

  422 formula_data: _DLR_cnf LPAREN . cnf_formula RPAREN

    LPAREN              shift, and go to state 90
    TILDE               shift, and go to state 91
    back_quoted         shift, and go to state 27
    distinct_object     shift, and go to state 92
    dollar_dollar_word  shift, and go to state 93
    dollar_word         shift, and go to state 94
    integer             shift, and go to state 78
    lower_word          shift, and go to state 29
    rational            shift, and go to state 79
    real                shift, and go to state 80
    single_quoted       shift, and go to state 30
    upper_word          shift, and go to state 81

    fof_infix_unary             go to state 95
    fof_atomic_formula          go to state 96
    fof_plain_atomic_formula    go to state 97
    fof_defined_atomic_formula  go to state 98
    fof_defined_plain_formula   go to state 99
    fof_defined_infix_formula   go to state 100
    fof_system_atomic_formula   go to state 101
    fof_plain_term              go to state 102
    fof_defined_term            go to state 103
    fof_defined_atomic_term     go to state 104
    fof_defined_plain_term      go to state 105
    fof_system_term             go to state 106
    fof_term                    go to state 107
    fof_function_term           go to state 108
    cnf_formula                 go to state 437
    cnf_disjunction             go to state 110
    cnf_literal                 go to state 111
    constant                    go to state 112
    functor                     go to state 113
    defined_constant            go to state 114
    defined_functor             go to state 115
    system_constant             go to state 116
    system_functor              go to state 117
    defined_term                go to state 118
    variable                    go to state 119
    atomic_word                 go to state 120
    atomic_defined_word         go to state 121
    atomic_system_word          go to state 122
    number                      go to state 123


State 285

  421 formula_data: _DLR_fof LPAREN . fof_formula RPAREN

    EXCLAMATION         shift, and go to state 124
    LBRKT               shift, and go to state 125
    LPAREN              shift, and go to state 126
    QUESTION            shift, and go to state 127
    TILDE               shift, and go to state 128
    back_quoted         shift, and go to state 27
    distinct_object     shift, and go to state 92
    dollar_dollar_word  shift, and go to state 93
    dollar_word         shift, and go to state 94
    integer             shift, and go to state 78
    lower_word          shift, and go to state 29
    rational            shift, and go to state 79
    real                shift, and go to state 80
    single_quoted       shift, and go to state 30
    upper_word          shift, and go to state 81

    fof_formula                 go to state 438
    fof_logic_formula           go to state 130
    fof_binary_formula          go to state 131
    fof_binary_nonassoc         go to state 132
    fof_binary_assoc            go to state 133
    fof_or_formula              go to state 134
    fof_and_formula             go to state 135
    fof_unary_formula           go to state 136
    fof_infix_unary             go to state 137
    fof_unit_formula            go to state 138
    fof_unitary_formula         go to state 139
    fof_quantified_formula      go to state 140
    fof_atomic_formula          go to state 141
    fof_plain_atomic_formula    go to state 97
    fof_defined_atomic_formula  go to state 98
    fof_defined_plain_formula   go to state 99
    fof_defined_infix_formula   go to state 100
    fof_system_atomic_formula   go to state 101
    fof_plain_term              go to state 102
    fof_defined_term            go to state 103
    fof_defined_atomic_term     go to state 104
    fof_defined_plain_term      go to state 105
    fof_system_term             go to state 106
    fof_term                    go to state 107
    fof_function_term           go to state 108
    fof_sequent                 go to state 142
    fof_formula_tuple           go to state 143
    fof_quantifier              go to state 144
    unary_connective            go to state 145
    constant                    go to state 112
    functor                     go to state 113
    defined_constant            go to state 114
    defined_functor             go to state 115
    system_constant             go to state 116
    system_functor              go to state 117
    defined_term                go to state 118
    variable                    go to state 119
    atomic_word                 go to state 120
    atomic_defined_word         go to state 121
    atomic_system_word          go to state 122
    number                      go to state 123


State 286

  423 formula_data: _DLR_fot LPAREN . fof_term RPAREN

    back_quoted         shift, and go to state 27
    distinct_object     shift, and go to state 92
    dollar_dollar_word  shift, and go to state 93
    dollar_word         shift, and go to state 94
    integer             shift, and go to state 78
    lower_word          shift, and go to state 29
    rational            shift, and go to state 79
    real                shift, and go to state 80
    single_quoted       shift, and go to state 30
    upper_word          shift, and go to state 81

    fof_plain_term           go to state 439
    fof_defined_term         go to state 103
    fof_defined_atomic_term  go to state 104
    fof_defined_plain_term   go to state 440
    fof_system_term          go to state 441
    fof_term                 go to state 442
    fof_function_term        go to state 108
    constant                 go to state 112
    functor                  go to state 113
    defined_constant         go to state 114
    defined_functor          go to state 115
    system_constant          go to state 116
    system_functor           go to state 117
    defined_term             go to state 118
    variable                 go to state 119
    atomic_word              go to state 120
    atomic_defined_word      go to state 121
    atomic_system_word       go to state 122
    number                   go to state 123


State 287

  420 formula_data: _DLR_tff LPAREN . tff_formula RPAREN

    EXCLAMATION         shift, and go to state 124
    LBRACE              shift, and go to state 160
    LBRKT               shift, and go to state 161
    LPAREN              shift, and go to state 162
    QUESTION            shift, and go to state 127
    TILDE               shift, and go to state 128
    _DLR_let            shift, and go to state 163
    back_quoted         shift, and go to state 27
    distinct_object     shift, and go to state 152
    dollar_dollar_word  shift, and go to state 93
    dollar_word         shift, and go to state 94
    hash                shift, and go to state 164
    integer             shift, and go to state 78
    less_sign           shift, and go to state 165
    lower_word          shift, and go to state 29
    rational            shift, and go to state 79
    real                shift, and go to state 80
    single_quoted       shift, and go to state 30
    upper_word          shift, and go to state 81

    tff_formula             go to state 443
    tff_logic_formula       go to state 167
    tff_binary_formula      go to state 168
    tff_binary_nonassoc     go to state 169
    tff_binary_assoc        go to state 170
    tff_or_formula          go to state 171
    tff_and_formula         go to state 172
    tff_unit_formula        go to state 173
    tff_unitary_formula     go to state 174
    txf_unitary_formula     go to state 175
    tff_quantified_formula  go to state 176
    tff_unary_formula       go to state 177
    tff_prefix_unary        go to state 178
    tff_infix_unary         go to state 179
    tff_atomic_formula      go to state 180
    tff_plain_atomic        go to state 181
    tff_defined_atomic      go to state 182
    tff_defined_plain       go to state 183
    tff_defined_infix       go to state 184
    tff_system_atomic       go to state 185
    txf_let                 go to state 186
    nxf_atom                go to state 187
    tff_unitary_term        go to state 188
    txf_tuple               go to state 189
    tff_atom_typing         go to state 190
    tff_subtype             go to state 191
    txf_definition          go to state 192
    txf_sequent             go to state 193
    nxf_long_connective     go to state 194
    ntf_short_connective    go to state 195
    tff_unary_connective    go to state 196
    tff_quantifier          go to state 197
    fof_quantifier          go to state 198
    unary_connective        go to state 199
    typeable_atom           go to state 200
    atomic_type             go to state 201
    system_type             go to state 202
    constant                go to state 203
    functor                 go to state 204
    defined_constant        go to state 205
    defined_functor         go to state 206
    system_constant         go to state 207
    system_functor          go to state 208
    defined_term            go to state 209
    variable                go to state 210
    atomic_word             go to state 120
    atomic_defined_word     go to state 121
    atomic_system_word      go to state 211
    number                  go to state 123


State 288

  419 formula_data: _DLR_thf LPAREN . thf_formula RPAREN

    AT_AT_SIGN_MINUS         shift, and go to state 212
    AT_AT_SIGN_PLUS          shift, and go to state 213
    AT_SIGN_EQUALS           shift, and go to state 214
    AT_SIGN_MINUS            shift, and go to state 215
    AT_SIGN_PLUS             shift, and go to state 216
    CARET                    shift, and go to state 217
    EXCLAMATION              shift, and go to state 124
    EXCLAMATION_EXCLAMATION  shift, and go to state 218
    EXCLAMATION_GREATER      shift, and go to state 219
    LBRACE                   shift, and go to state 220
    LBRKT                    shift, and go to state 221
    LPAREN                   shift, and go to state 222
    QUESTION                 shift, and go to state 127
    QUESTION_QUESTION        shift, and go to state 223
    QUESTION_STAR            shift, and go to state 224
    TILDE                    shift, and go to state 128
    _DLR_let                 shift, and go to state 225
    back_quoted              shift, and go to state 27
    distinct_object          shift, and go to state 152
    dollar_dollar_word       shift, and go to state 93
    dollar_word              shift, and go to state 94
    hash                     shift, and go to state 164
    integer                  shift, and go to state 78
    less_sign                shift, and go to state 165
    lower_word               shift, and go to state 29
    rational                 shift, and go to state 79
    real                     shift, and go to state 80
    single_quoted            shift, and go to state 30
    upper_word               shift, and go to state 81

    thf_formula             go to state 444
    thf_logic_formula       go to state 227
    thf_binary_formula      go to state 228
    thf_binary_nonassoc     go to state 229
    thf_binary_assoc        go to state 230
    thf_or_formula          go to state 231
    thf_and_formula         go to state 232
    thf_apply_formula       go to state 233
    thf_unit_formula        go to state 234
    thf_unitary_formula     go to state 235
    thf_quantified_formula  go to state 236
    thf_quantification      go to state 237
    thf_unary_formula       go to state 238
    thf_prefix_unary        go to state 239
    thf_infix_unary         go to state 240
    thf_atomic_formula      go to state 241
    thf_plain_atomic        go to state 242
    thf_defined_atomic      go to state 243
    thf_defined_term        go to state 244
    thf_defined_infix       go to state 245
    thf_system_atomic       go to state 246
    thf_let                 go to state 247
    thf_unitary_term        go to state 248
    thf_tuple               go to state 249
    thf_fof_function        go to state 250
    thf_atom_typing         go to state 251
    thf_unitary_type        go to state 252
    thf_binary_type         go to state 253
    thf_mapping_type        go to state 254
    thf_xprod_type          go to state 255
    thf_union_type          go to state 256
    thf_subtype             go to state 257
    thf_definition          go to state 258
    thf_sequent             go to state 259
    nhf_long_connective     go to state 260
    ntf_short_connective    go to state 261
    thf_quantifier          go to state 262
    thf_unary_connective    go to state 263
    th0_quantifier          go to state 264
    type_quantifier         go to state 265
    tff_quantifier          go to state 266
    fof_quantifier          go to state 198
    unary_connective        go to state 267
    typeable_atom           go to state 268
    atomic_type             go to state 269
    system_type             go to state 202
    constant                go to state 270
    functor                 go to state 271
    defined_constant        go to state 272
    defined_functor         go to state 273
    system_constant         go to state 274
    system_functor          go to state 275
    th1_defined_term        go to state 276
    defined_term            go to state 277
    variable                go to state 278
    atomic_word             go to state 120
    atomic_defined_word     go to state 121
    atomic_system_word      go to state 211
    number                  go to state 123


State 289

  410 general_term: general_data COLON . general_term

    LBRKT            shift, and go to state 71
    _DLR_cnf         shift, and go to state 72
    _DLR_fof         shift, and go to state 73
    _DLR_fot         shift, and go to state 74
    _DLR_tff         shift, and go to state 75
    _DLR_thf         shift, and go to state 76
    back_quoted      shift, and go to state 27
    distinct_object  shift, and go to state 77
    integer          shift, and go to state 78
    lower_word       shift, and go to state 29
    rational         shift, and go to state 79
    real             shift, and go to state 80
    single_quoted    shift, and go to state 30
    upper_word       shift, and go to state 81

    variable          go to state 82
    general_term      go to state 445
    general_data      go to state 84
    general_function  go to state 85
    formula_data      go to state 86
    general_list      go to state 87
    atomic_word       go to state 88
    number            go to state 89


State 290

  418 general_function: atomic_word LPAREN . general_terms RPAREN

    LBRKT            shift, and go to state 71
    _DLR_cnf         shift, and go to state 72
    _DLR_fof         shift, and go to state 73
    _DLR_fot         shift, and go to state 74
    _DLR_tff         shift, and go to state 75
    _DLR_thf         shift, and go to state 76
    back_quoted      shift, and go to state 27
    distinct_object  shift, and go to state 77
    integer          shift, and go to state 78
    lower_word       shift, and go to state 29
    rational         shift, and go to state 79
    real             shift, and go to state 80
    single_quoted    shift, and go to state 30
    upper_word       shift, and go to state 81

    variable          go to state 82
    general_term      go to state 282
    general_data      go to state 84
    general_function  go to state 85
    formula_data      go to state 86
    general_list      go to state 87
    general_terms     go to state 446
    atomic_word       go to state 88
    number            go to state 89


State 291

  312 cnf_formula: LPAREN cnf_formula . RPAREN

    RPAREN  shift, and go to state 447


State 292

  317 cnf_literal: TILDE LPAREN . fof_atomic_formula RPAREN

    back_quoted         shift, and go to state 27
    distinct_object     shift, and go to state 92
    dollar_dollar_word  shift, and go to state 93
    dollar_word         shift, and go to state 94
    integer             shift, and go to state 78
    lower_word          shift, and go to state 29
    rational            shift, and go to state 79
    real                shift, and go to state 80
    single_quoted       shift, and go to state 30
    upper_word          shift, and go to state 81

    fof_atomic_formula          go to state 448
    fof_plain_atomic_formula    go to state 97
    fof_defined_atomic_formula  go to state 98
    fof_defined_plain_formula   go to state 99
    fof_defined_infix_formula   go to state 100
    fof_system_atomic_formula   go to state 101
    fof_plain_term              go to state 102
    fof_defined_term            go to state 103
    fof_defined_atomic_term     go to state 104
    fof_defined_plain_term      go to state 105
    fof_system_term             go to state 106
    fof_term                    go to state 294
    fof_function_term           go to state 108
    constant                    go to state 112
    functor                     go to state 113
    defined_constant            go to state 114
    defined_functor             go to state 115
    system_constant             go to state 116
    system_functor              go to state 117
    defined_term                go to state 118
    variable                    go to state 119
    atomic_word                 go to state 120
    atomic_defined_word         go to state 121
    atomic_system_word          go to state 122
    number                      go to state 123


State 293

  316 cnf_literal: TILDE fof_atomic_formula .

    $default  reduce using rule 316 (cnf_literal)


State 294

  287 fof_defined_infix_formula: fof_term . defined_infix_pred fof_term

    EQUALS  shift, and go to state 295

    defined_infix_pred  go to state 297
    infix_equality      go to state 298


State 295

  358 infix_equality: EQUALS .

    $default  reduce using rule 358 (infix_equality)


State 296

  359 infix_inequality: EXCLAMATION_EQUALS .

    $default  reduce using rule 359 (infix_inequality)


State 297

  287 fof_defined_infix_formula: fof_term defined_infix_pred . fof_term

    back_quoted         shift, and go to state 27
    distinct_object     shift, and go to state 92
    dollar_dollar_word  shift, and go to state 93
    dollar_word         shift, and go to state 94
    integer             shift, and go to state 78
    lower_word          shift, and go to state 29
    rational            shift, and go to state 79
    real                shift, and go to state 80
    single_quoted       shift, and go to state 30
    upper_word          shift, and go to state 81

    fof_plain_term           go to state 439
    fof_defined_term         go to state 103
    fof_defined_atomic_term  go to state 104
    fof_defined_plain_term   go to state 440
    fof_system_term          go to state 441
    fof_term                 go to state 449
    fof_function_term        go to state 108
    constant                 go to state 112
    functor                  go to state 113
    defined_constant         go to state 114
    defined_functor          go to state 115
    system_constant          go to state 116
    system_functor           go to state 117
    defined_term             go to state 118
    variable                 go to state 119
    atomic_word              go to state 120
    atomic_defined_word      go to state 121
    atomic_system_word       go to state 122
    number                   go to state 123


State 298

  357 defined_infix_pred: infix_equality .

    $default  reduce using rule 357 (defined_infix_pred)


State 299

  271 fof_infix_unary: fof_term infix_inequality . fof_term

    back_quoted         shift, and go to state 27
    distinct_object     shift, and go to state 92
    dollar_dollar_word  shift, and go to state 93
    dollar_word         shift, and go to state 94
    integer             shift, and go to state 78
    lower_word          shift, and go to state 29
    rational            shift, and go to state 79
    real                shift, and go to state 80
    single_quoted       shift, and go to state 30
    upper_word          shift, and go to state 81

    fof_plain_term           go to state 439
    fof_defined_term         go to state 103
    fof_defined_atomic_term  go to state 104
    fof_defined_plain_term   go to state 440
    fof_system_term          go to state 441
    fof_term                 go to state 450
    fof_function_term        go to state 108
    constant                 go to state 112
    functor                  go to state 113
    defined_constant         go to state 114
    defined_functor          go to state 115
    system_constant          go to state 116
    system_functor           go to state 117
    defined_term             go to state 118
    variable                 go to state 119
    atomic_word              go to state 120
    atomic_defined_word      go to state 121
    atomic_system_word       go to state 122
    number                   go to state 123


State 300

   18 annotations: COMMA . source optional_info

    LBRKT            shift, and go to state 451
    _LIT_file        shift, and go to state 452
    _LIT_inference   shift, and go to state 453
    _LIT_introduced  shift, and go to state 454
    back_quoted      shift, and go to state 27
    integer          shift, and go to state 28
    lower_word       shift, and go to state 29
    single_quoted    shift, and go to state 30

    source            go to state 455
    dag_source        go to state 456
    inference_record  go to state 457
    internal_source   go to state 458
    external_source   go to state 459
    file_source       go to state 460
    name              go to state 461
    atomic_word       go to state 32


State 301

   17 cnf_annotated: _LIT_cnf LPAREN name COMMA formula_role COMMA cnf_formula annotations . RPAREN PERIOD

    RPAREN  shift, and go to state 462


State 302

   19 annotations: nothing .

    $default  reduce using rule 19 (annotations)


State 303

  314 cnf_disjunction: cnf_disjunction VLINE . cnf_literal

    TILDE               shift, and go to state 91
    back_quoted         shift, and go to state 27
    distinct_object     shift, and go to state 92
    dollar_dollar_word  shift, and go to state 93
    dollar_word         shift, and go to state 94
    integer             shift, and go to state 78
    lower_word          shift, and go to state 29
    rational            shift, and go to state 79
    real                shift, and go to state 80
    single_quoted       shift, and go to state 30
    upper_word          shift, and go to state 81

    fof_infix_unary             go to state 95
    fof_atomic_formula          go to state 96
    fof_plain_atomic_formula    go to state 97
    fof_defined_atomic_formula  go to state 98
    fof_defined_plain_formula   go to state 99
    fof_defined_infix_formula   go to state 100
    fof_system_atomic_formula   go to state 101
    fof_plain_term              go to state 102
    fof_defined_term            go to state 103
    fof_defined_atomic_term     go to state 104
    fof_defined_plain_term      go to state 105
    fof_system_term             go to state 106
    fof_term                    go to state 107
    fof_function_term           go to state 108
    cnf_literal                 go to state 463
    constant                    go to state 112
    functor                     go to state 113
    defined_constant            go to state 114
    defined_functor             go to state 115
    system_constant             go to state 116
    system_functor              go to state 117
    defined_term                go to state 118
    variable                    go to state 119
    atomic_word                 go to state 120
    atomic_defined_word         go to state 121
    atomic_system_word          go to state 122
    number                      go to state 123


State 304

  290 fof_plain_term: functor LPAREN . fof_arguments RPAREN

    back_quoted         shift, and go to state 27
    distinct_object     shift, and go to state 92
    dollar_dollar_word  shift, and go to state 93
    dollar_word         shift, and go to state 94
    integer             shift, and go to state 78
    lower_word          shift, and go to state 29
    rational            shift, and go to state 79
    real                shift, and go to state 80
    single_quoted       shift, and go to state 30
    upper_word          shift, and go to state 81

    fof_plain_term           go to state 439
    fof_defined_term         go to state 103
    fof_defined_atomic_term  go to state 104
    fof_defined_plain_term   go to state 440
    fof_system_term          go to state 441
    fof_arguments            go to state 464
    fof_term                 go to state 465
    fof_function_term        go to state 108
    constant                 go to state 112
    functor                  go to state 113
    defined_constant         go to state 114
    defined_functor          go to state 115
    system_constant          go to state 116
    system_functor           go to state 117
    defined_term             go to state 118
    variable                 go to state 119
    atomic_word              go to state 120
    atomic_defined_word      go to state 121
    atomic_system_word       go to state 122
    number                   go to state 123


State 305

  295 fof_defined_plain_term: defined_functor LPAREN . fof_arguments RPAREN

    back_quoted         shift, and go to state 27
    distinct_object     shift, and go to state 92
    dollar_dollar_word  shift, and go to state 93
    dollar_word         shift, and go to state 94
    integer             shift, and go to state 78
    lower_word          shift, and go to state 29
    rational            shift, and go to state 79
    real                shift, and go to state 80
    single_quoted       shift, and go to state 30
    upper_word          shift, and go to state 81

    fof_plain_term           go to state 439
    fof_defined_term         go to state 103
    fof_defined_atomic_term  go to state 104
    fof_defined_plain_term   go to state 440
    fof_system_term          go to state 441
    fof_arguments            go to state 466
    fof_term                 go to state 465
    fof_function_term        go to state 108
    constant                 go to state 112
    functor                  go to state 113
    defined_constant         go to state 114
    defined_functor          go to state 115
    system_constant          go to state 116
    system_functor           go to state 117
    defined_term             go to state 118
    variable                 go to state 119
    atomic_word              go to state 120
    atomic_defined_word      go to state 121
    atomic_system_word       go to state 122
    number                   go to state 123


State 306

  297 fof_system_term: system_functor LPAREN . fof_arguments RPAREN

    back_quoted         shift, and go to state 27
    distinct_object     shift, and go to state 92
    dollar_dollar_word  shift, and go to state 93
    dollar_word         shift, and go to state 94
    integer             shift, and go to state 78
    lower_word          shift, and go to state 29
    rational            shift, and go to state 79
    real                shift, and go to state 80
    single_quoted       shift, and go to state 30
    upper_word          shift, and go to state 81

    fof_plain_term           go to state 439
    fof_defined_term         go to state 103
    fof_defined_atomic_term  go to state 104
    fof_defined_plain_term   go to state 440
    fof_system_term          go to state 441
    fof_arguments            go to state 467
    fof_term                 go to state 465
    fof_function_term        go to state 108
    constant                 go to state 112
    functor                  go to state 113
    defined_constant         go to state 114
    defined_functor          go to state 115
    system_constant          go to state 116
    system_functor           go to state 117
    defined_term             go to state 118
    variable                 go to state 119
    atomic_word              go to state 120
    atomic_defined_word      go to state 121
    atomic_system_word       go to state 122
    number                   go to state 123


State 307

  276 fof_unitary_formula: LPAREN . fof_logic_formula RPAREN

    EXCLAMATION         shift, and go to state 124
    LPAREN              shift, and go to state 307
    QUESTION            shift, and go to state 127
    TILDE               shift, and go to state 128
    back_quoted         shift, and go to state 27
    distinct_object     shift, and go to state 92
    dollar_dollar_word  shift, and go to state 93
    dollar_word         shift, and go to state 94
    integer             shift, and go to state 78
    lower_word          shift, and go to state 29
    rational            shift, and go to state 79
    real                shift, and go to state 80
    single_quoted       shift, and go to state 30
    upper_word          shift, and go to state 81

    fof_logic_formula           go to state 311
    fof_binary_formula          go to state 131
    fof_binary_nonassoc         go to state 132
    fof_binary_assoc            go to state 133
    fof_or_formula              go to state 134
    fof_and_formula             go to state 135
    fof_unary_formula           go to state 136
    fof_infix_unary             go to state 137
    fof_unit_formula            go to state 138
    fof_unitary_formula         go to state 139
    fof_quantified_formula      go to state 140
    fof_atomic_formula          go to state 141
    fof_plain_atomic_formula    go to state 97
    fof_defined_atomic_formula  go to state 98
    fof_defined_plain_formula   go to state 99
    fof_defined_infix_formula   go to state 100
    fof_system_atomic_formula   go to state 101
    fof_plain_term              go to state 102
    fof_defined_term            go to state 103
    fof_defined_atomic_term     go to state 104
    fof_defined_plain_term      go to state 105
    fof_system_term             go to state 106
    fof_term                    go to state 107
    fof_function_term           go to state 108
    fof_quantifier              go to state 144
    unary_connective            go to state 145
    constant                    go to state 112
    functor                     go to state 113
    defined_constant            go to state 114
    defined_functor             go to state 115
    system_constant             go to state 116
    system_functor              go to state 117
    defined_term                go to state 118
    variable                    go to state 119
    atomic_word                 go to state 120
    atomic_defined_word         go to state 121
    atomic_system_word          go to state 122
    number                      go to state 123


State 308

  307 fof_formula_tuple: LBRKT RBRKT .

    $default  reduce using rule 307 (fof_formula_tuple)


State 309

  309 fof_formula_tuple_list: fof_logic_formula .
  310                       | fof_logic_formula . COMMA fof_formula_tuple_list

    COMMA  shift, and go to state 468

    $default  reduce using rule 309 (fof_formula_tuple_list)


State 310

  308 fof_formula_tuple: LBRKT fof_formula_tuple_list . RBRKT

    RBRKT  shift, and go to state 469


State 311

  276 fof_unitary_formula: LPAREN fof_logic_formula . RPAREN

    RPAREN  shift, and go to state 470


State 312

  306 fof_sequent: LPAREN fof_sequent . RPAREN

    RPAREN  shift, and go to state 471


State 313

   16 fof_annotated: _LIT_fof LPAREN name COMMA formula_role COMMA fof_formula annotations . RPAREN PERIOD

    RPAREN  shift, and go to state 472


State 314

  266 fof_or_formula: fof_or_formula VLINE . fof_unit_formula

    EXCLAMATION         shift, and go to state 124
    LPAREN              shift, and go to state 307
    QUESTION            shift, and go to state 127
    TILDE               shift, and go to state 128
    back_quoted         shift, and go to state 27
    distinct_object     shift, and go to state 92
    dollar_dollar_word  shift, and go to state 93
    dollar_word         shift, and go to state 94
    integer             shift, and go to state 78
    lower_word          shift, and go to state 29
    rational            shift, and go to state 79
    real                shift, and go to state 80
    single_quoted       shift, and go to state 30
    upper_word          shift, and go to state 81

    fof_unary_formula           go to state 328
    fof_infix_unary             go to state 137
    fof_unit_formula            go to state 473
    fof_unitary_formula         go to state 330
    fof_quantified_formula      go to state 140
    fof_atomic_formula          go to state 141
    fof_plain_atomic_formula    go to state 97
    fof_defined_atomic_formula  go to state 98
    fof_defined_plain_formula   go to state 99
    fof_defined_infix_formula   go to state 100
    fof_system_atomic_formula   go to state 101
    fof_plain_term              go to state 102
    fof_defined_term            go to state 103
    fof_defined_atomic_term     go to state 104
    fof_defined_plain_term      go to state 105
    fof_system_term             go to state 106
    fof_term                    go to state 107
    fof_function_term           go to state 108
    fof_quantifier              go to state 144
    unary_connective            go to state 145
    constant                    go to state 112
    functor                     go to state 113
    defined_constant            go to state 114
    defined_functor             go to state 115
    system_constant             go to state 116
    system_functor              go to state 117
    defined_term                go to state 118
    variable                    go to state 119
    atomic_word                 go to state 120
    atomic_defined_word         go to state 121
    atomic_system_word          go to state 122
    number                      go to state 123


State 315

  268 fof_and_formula: fof_and_formula AMPERSAND . fof_unit_formula

    EXCLAMATION         shift, and go to state 124
    LPAREN              shift, and go to state 307
    QUESTION            shift, and go to state 127
    TILDE               shift, and go to state 128
    back_quoted         shift, and go to state 27
    distinct_object     shift, and go to state 92
    dollar_dollar_word  shift, and go to state 93
    dollar_word         shift, and go to state 94
    integer             shift, and go to state 78
    lower_word          shift, and go to state 29
    rational            shift, and go to state 79
    real                shift, and go to state 80
    single_quoted       shift, and go to state 30
    upper_word          shift, and go to state 81

    fof_unary_formula           go to state 328
    fof_infix_unary             go to state 137
    fof_unit_formula            go to state 474
    fof_unitary_formula         go to state 330
    fof_quantified_formula      go to state 140
    fof_atomic_formula          go to state 141
    fof_plain_atomic_formula    go to state 97
    fof_defined_atomic_formula  go to state 98
    fof_defined_plain_formula   go to state 99
    fof_defined_infix_formula   go to state 100
    fof_system_atomic_formula   go to state 101
    fof_plain_term              go to state 102
    fof_defined_term            go to state 103
    fof_defined_atomic_term     go to state 104
    fof_defined_plain_term      go to state 105
    fof_system_term             go to state 106
    fof_term                    go to state 107
    fof_function_term           go to state 108
    fof_quantifier              go to state 144
    unary_connective            go to state 145
    constant                    go to state 112
    functor                     go to state 113
    defined_constant            go to state 114
    defined_functor             go to state 115
    system_constant             go to state 116
    system_functor              go to state 117
    defined_term                go to state 118
    variable                    go to state 119
    atomic_word                 go to state 120
    atomic_defined_word         go to state 121
    atomic_system_word          go to state 122
    number                      go to state 123


State 316

  267 fof_and_formula: fof_unit_formula AMPERSAND . fof_unit_formula

    EXCLAMATION         shift, and go to state 124
    LPAREN              shift, and go to state 307
    QUESTION            shift, and go to state 127
    TILDE               shift, and go to state 128
    back_quoted         shift, and go to state 27
    distinct_object     shift, and go to state 92
    dollar_dollar_word  shift, and go to state 93
    dollar_word         shift, and go to state 94
    integer             shift, and go to state 78
    lower_word          shift, and go to state 29
    rational            shift, and go to state 79
    real                shift, and go to state 80
    single_quoted       shift, and go to state 30
    upper_word          shift, and go to state 81

    fof_unary_formula           go to state 328
    fof_infix_unary             go to state 137
    fof_unit_formula            go to state 475
    fof_unitary_formula         go to state 330
    fof_quantified_formula      go to state 140
    fof_atomic_formula          go to state 141
    fof_plain_atomic_formula    go to state 97
    fof_defined_atomic_formula  go to state 98
    fof_defined_plain_formula   go to state 99
    fof_defined_infix_formula   go to state 100
    fof_system_atomic_formula   go to state 101
    fof_plain_term              go to state 102
    fof_defined_term            go to state 103
    fof_defined_atomic_term     go to state 104
    fof_defined_plain_term      go to state 105
    fof_system_term             go to state 106
    fof_term                    go to state 107
    fof_function_term           go to state 108
    fof_quantifier              go to state 144
    unary_connective            go to state 145
    constant                    go to state 112
    functor                     go to state 113
    defined_constant            go to state 114
    defined_functor             go to state 115
    system_constant             go to state 116
    system_functor              go to state 117
    defined_term                go to state 118
    variable                    go to state 119
    atomic_word                 go to state 120
    atomic_defined_word         go to state 121
    atomic_system_word          go to state 122
    number                      go to state 123


State 317

  337 nonassoc_connective: EQUALS_GREATER .

    $default  reduce using rule 337 (nonassoc_connective)


State 318

  338 nonassoc_connective: LESS_EQUALS .

    $default  reduce using rule 338 (nonassoc_connective)


State 319

  336 nonassoc_connective: LESS_EQUALS_GREATER .

    $default  reduce using rule 336 (nonassoc_connective)


State 320

  339 nonassoc_connective: LESS_TILDE_GREATER .

    $default  reduce using rule 339 (nonassoc_connective)


State 321

  341 nonassoc_connective: TILDE_AMPERSAND .

    $default  reduce using rule 341 (nonassoc_connective)


State 322

  340 nonassoc_connective: TILDE_VLINE .

    $default  reduce using rule 340 (nonassoc_connective)


State 323

  265 fof_or_formula: fof_unit_formula VLINE . fof_unit_formula

    EXCLAMATION         shift, and go to state 124
    LPAREN              shift, and go to state 307
    QUESTION            shift, and go to state 127
    TILDE               shift, and go to state 128
    back_quoted         shift, and go to state 27
    distinct_object     shift, and go to state 92
    dollar_dollar_word  shift, and go to state 93
    dollar_word         shift, and go to state 94
    integer             shift, and go to state 78
    lower_word          shift, and go to state 29
    rational            shift, and go to state 79
    real                shift, and go to state 80
    single_quoted       shift, and go to state 30
    upper_word          shift, and go to state 81

    fof_unary_formula           go to state 328
    fof_infix_unary             go to state 137
    fof_unit_formula            go to state 476
    fof_unitary_formula         go to state 330
    fof_quantified_formula      go to state 140
    fof_atomic_formula          go to state 141
    fof_plain_atomic_formula    go to state 97
    fof_defined_atomic_formula  go to state 98
    fof_defined_plain_formula   go to state 99
    fof_defined_infix_formula   go to state 100
    fof_system_atomic_formula   go to state 101
    fof_plain_term              go to state 102
    fof_defined_term            go to state 103
    fof_defined_atomic_term     go to state 104
    fof_defined_plain_term      go to state 105
    fof_system_term             go to state 106
    fof_term                    go to state 107
    fof_function_term           go to state 108
    fof_quantifier              go to state 144
    unary_connective            go to state 145
    constant                    go to state 112
    functor                     go to state 113
    defined_constant            go to state 114
    defined_functor             go to state 115
    system_constant             go to state 116
    system_functor              go to state 117
    defined_term                go to state 118
    variable                    go to state 119
    atomic_word                 go to state 120
    atomic_defined_word         go to state 121
    atomic_system_word          go to state 122
    number                      go to state 123


State 324

  262 fof_binary_nonassoc: fof_unit_formula nonassoc_connective . fof_unit_formula

    EXCLAMATION         shift, and go to state 124
    LPAREN              shift, and go to state 307
    QUESTION            shift, and go to state 127
    TILDE               shift, and go to state 128
    back_quoted         shift, and go to state 27
    distinct_object     shift, and go to state 92
    dollar_dollar_word  shift, and go to state 93
    dollar_word         shift, and go to state 94
    integer             shift, and go to state 78
    lower_word          shift, and go to state 29
    rational            shift, and go to state 79
    real                shift, and go to state 80
    single_quoted       shift, and go to state 30
    upper_word          shift, and go to state 81

    fof_unary_formula           go to state 328
    fof_infix_unary             go to state 137
    fof_unit_formula            go to state 477
    fof_unitary_formula         go to state 330
    fof_quantified_formula      go to state 140
    fof_atomic_formula          go to state 141
    fof_plain_atomic_formula    go to state 97
    fof_defined_atomic_formula  go to state 98
    fof_defined_plain_formula   go to state 99
    fof_defined_infix_formula   go to state 100
    fof_system_atomic_formula   go to state 101
    fof_plain_term              go to state 102
    fof_defined_term            go to state 103
    fof_defined_atomic_term     go to state 104
    fof_defined_plain_term      go to state 105
    fof_system_term             go to state 106
    fof_term                    go to state 107
    fof_function_term           go to state 108
    fof_quantifier              go to state 144
    unary_connective            go to state 145
    constant                    go to state 112
    functor                     go to state 113
    defined_constant            go to state 114
    defined_functor             go to state 115
    system_constant             go to state 116
    system_functor              go to state 117
    defined_term                go to state 118
    variable                    go to state 119
    atomic_word                 go to state 120
    atomic_defined_word         go to state 121
    atomic_system_word          go to state 122
    number                      go to state 123


State 325

  345 gentzen_arrow: MINUS_MINUS_GREATER .

    $default  reduce using rule 345 (gentzen_arrow)


State 326

  305 fof_sequent: fof_formula_tuple gentzen_arrow . fof_formula_tuple

    LBRKT  shift, and go to state 125

    fof_formula_tuple  go to state 478


State 327

  277 fof_quantified_formula: fof_quantifier LBRKT . fof_variable_list RBRKT COLON fof_unit_formula

    upper_word  shift, and go to state 81

    fof_variable_list  go to state 479
    variable           go to state 480


State 328

  273 fof_unit_formula: fof_unary_formula .

    $default  reduce using rule 273 (fof_unit_formula)


State 329

  269 fof_unary_formula: unary_connective fof_unit_formula .

    $default  reduce using rule 269 (fof_unary_formula)


State 330

  272 fof_unit_formula: fof_unitary_formula .

    $default  reduce using rule 272 (fof_unit_formula)


State 331

  407 name_list: name COMMA name_list .

    $default  reduce using rule 407 (name_list)


State 332

  254 tcf_quantified_formula: EXCLAMATION LBRKT . tff_variable_list RBRKT COLON tcf_logic_formula

    upper_word  shift, and go to state 81

    tff_variable_list   go to state 481
    tff_variable        go to state 482
    tff_typed_variable  go to state 483
    variable            go to state 484


State 333

  199 tff_atom_typing: LPAREN tff_atom_typing . RPAREN

    RPAREN  shift, and go to state 485


State 334

   15 tcf_annotated: _LIT_tcf LPAREN name COMMA formula_role COMMA tcf_formula annotations . RPAREN PERIOD

    RPAREN  shift, and go to state 486


State 335

  198 tff_atom_typing: typeable_atom COLON . tff_top_level_type

    EXCLAMATION_GREATER  shift, and go to state 219
    LBRKT                shift, and go to state 487
    LPAREN               shift, and go to state 488
    QUESTION_STAR        shift, and go to state 224
    back_quoted          shift, and go to state 27
    dollar_word          shift, and go to state 94
    lower_word           shift, and go to state 29
    single_quoted        shift, and go to state 30
    upper_word           shift, and go to state 81

    tff_top_level_type   go to state 489
    tff_non_atomic_type  go to state 490
    tf1_quantified_type  go to state 491
    tff_unitary_type     go to state 492
    tff_atomic_type      go to state 493
    tff_mapping_type     go to state 494
    txf_tuple_type       go to state 495
    type_quantifier      go to state 496
    type_constant        go to state 497
    type_functor         go to state 498
    defined_type         go to state 499
    variable             go to state 500
    atomic_word          go to state 501
    atomic_defined_word  go to state 502


State 336

  248 ntf_short_connective: LBRACE PERIOD . RBRACE

    RBRACE  shift, and go to state 503


State 337

  235 nxf_long_connective: LBRACE ntf_connective_name . RBRACE
  236                    | LBRACE ntf_connective_name . LPAREN nxf_parameter_list RPAREN RBRACE

    LPAREN  shift, and go to state 504
    RBRACE  shift, and go to state 505


State 338

  242 ntf_connective_name: ntf_defined_connective .

    $default  reduce using rule 242 (ntf_connective_name)


State 339

  244 ntf_defined_connective: atomic_defined_word .

    $default  reduce using rule 244 (ntf_defined_connective)


State 340

  243 ntf_connective_name: atomic_system_word .

    $default  reduce using rule 243 (ntf_connective_name)


State 341

  148 tff_unitary_formula: LPAREN . tff_logic_formula RPAREN
  193 tff_unitary_term: LPAREN . tff_logic_formula RPAREN
  249 ntf_short_connective: LPAREN . PERIOD RPAREN

    EXCLAMATION         shift, and go to state 124
    LBRACE              shift, and go to state 160
    LBRKT               shift, and go to state 161
    LPAREN              shift, and go to state 341
    PERIOD              shift, and go to state 351
    QUESTION            shift, and go to state 127
    TILDE               shift, and go to state 128
    _DLR_let            shift, and go to state 163
    back_quoted         shift, and go to state 27
    distinct_object     shift, and go to state 92
    dollar_dollar_word  shift, and go to state 93
    dollar_word         shift, and go to state 94
    hash                shift, and go to state 164
    integer             shift, and go to state 78
    less_sign           shift, and go to state 165
    lower_word          shift, and go to state 29
    rational            shift, and go to state 79
    real                shift, and go to state 80
    single_quoted       shift, and go to state 30
    upper_word          shift, and go to state 81

    tff_logic_formula       go to state 352
    tff_binary_formula      go to state 168
    tff_binary_nonassoc     go to state 169
    tff_binary_assoc        go to state 170
    tff_or_formula          go to state 171
    tff_and_formula         go to state 172
    tff_unit_formula        go to state 173
    tff_unitary_formula     go to state 174
    txf_unitary_formula     go to state 175
    tff_quantified_formula  go to state 176
    tff_unary_formula       go to state 177
    tff_prefix_unary        go to state 178
    tff_infix_unary         go to state 179
    tff_atomic_formula      go to state 180
    tff_plain_atomic        go to state 181
    tff_defined_atomic      go to state 182
    tff_defined_plain       go to state 183
    tff_defined_infix       go to state 184
    tff_system_atomic       go to state 185
    txf_let                 go to state 186
    nxf_atom                go to state 187
    tff_unitary_term        go to state 188
    txf_tuple               go to state 189
    txf_definition          go to state 192
    txf_sequent             go to state 193
    nxf_long_connective     go to state 194
    ntf_short_connective    go to state 195
    tff_unary_connective    go to state 196
    tff_quantifier          go to state 197
    fof_quantifier          go to state 198
    unary_connective        go to state 199
    constant                go to state 348
    functor                 go to state 204
    defined_constant        go to state 349
    defined_functor         go to state 206
    system_constant         go to state 207
    system_functor          go to state 208
    defined_term            go to state 209
    variable                go to state 210
    atomic_word             go to state 120
    atomic_defined_word     go to state 121
    atomic_system_word      go to state 122
    number                  go to state 123


State 342

  246 ntf_short_connective: LBRKT PERIOD . RBRKT

    RBRKT  shift, and go to state 506


State 343

  194 txf_tuple: LBRKT RBRKT .

    $default  reduce using rule 194 (txf_tuple)


State 344

  186 tff_term: tff_logic_formula .

    $default  reduce using rule 186 (tff_term)


State 345

  196 tff_arguments: tff_term .
  197              | tff_term . COMMA tff_arguments

    COMMA  shift, and go to state 507

    $default  reduce using rule 196 (tff_arguments)


State 346

  188 tff_term: txf_tuple .
  191 tff_unitary_term: txf_tuple .
  227 txf_sequent: txf_tuple . gentzen_arrow txf_tuple

    MINUS_MINUS_GREATER  shift, and go to state 325

    EQUALS              reduce using rule 191 (tff_unitary_term)
    EXCLAMATION_EQUALS  reduce using rule 191 (tff_unitary_term)
    $default            reduce using rule 188 (tff_term)

    gentzen_arrow  go to state 365


State 347

  195 txf_tuple: LBRKT tff_arguments . RBRKT

    RBRKT  shift, and go to state 508


State 348

  163 tff_plain_atomic: constant .

    $default  reduce using rule 163 (tff_plain_atomic)


State 349

  166 tff_defined_plain: defined_constant .

    $default  reduce using rule 166 (tff_defined_plain)


State 350

  187 tff_term: defined_term .
  190 tff_unitary_term: defined_term .

    EQUALS              reduce using rule 190 (tff_unitary_term)
    EXCLAMATION_EQUALS  reduce using rule 190 (tff_unitary_term)
    $default            reduce using rule 187 (tff_term)


State 351

  249 ntf_short_connective: LPAREN PERIOD . RPAREN

    RPAREN  shift, and go to state 509


State 352

  148 tff_unitary_formula: LPAREN tff_logic_formula . RPAREN
  193 tff_unitary_term: LPAREN tff_logic_formula . RPAREN

    RPAREN  shift, and go to state 510


State 353

  173 txf_let: _DLR_let LPAREN . txf_let_types COMMA txf_let_defns COMMA tff_term RPAREN

    LBRKT            shift, and go to state 511
    LPAREN           shift, and go to state 512
    back_quoted      shift, and go to state 27
    distinct_object  shift, and go to state 513
    lower_word       shift, and go to state 29
    single_quoted    shift, and go to state 30

    txf_let_types    go to state 514
    tff_atom_typing  go to state 515
    typeable_atom    go to state 158
    constant         go to state 516
    functor          go to state 517
    atomic_word      go to state 120


State 354

  247 ntf_short_connective: less_sign PERIOD . arrow

    arrow  shift, and go to state 518


State 355

   14 tff_annotated: _LIT_tff LPAREN name COMMA formula_role COMMA tff_formula annotations . RPAREN PERIOD

    RPAREN  shift, and go to state 519


State 356

  137 tff_or_formula: tff_or_formula VLINE . tff_unit_formula

    EXCLAMATION         shift, and go to state 124
    LBRACE              shift, and go to state 160
    LBRKT               shift, and go to state 161
    LPAREN              shift, and go to state 341
    QUESTION            shift, and go to state 127
    TILDE               shift, and go to state 128
    _DLR_let            shift, and go to state 163
    back_quoted         shift, and go to state 27
    distinct_object     shift, and go to state 92
    dollar_dollar_word  shift, and go to state 93
    dollar_word         shift, and go to state 94
    hash                shift, and go to state 164
    integer             shift, and go to state 78
    less_sign           shift, and go to state 165
    lower_word          shift, and go to state 29
    rational            shift, and go to state 79
    real                shift, and go to state 80
    single_quoted       shift, and go to state 30
    upper_word          shift, and go to state 81

    tff_unit_formula        go to state 520
    tff_unitary_formula     go to state 521
    txf_unitary_formula     go to state 175
    tff_quantified_formula  go to state 176
    tff_unary_formula       go to state 522
    tff_prefix_unary        go to state 178
    tff_infix_unary         go to state 179
    tff_atomic_formula      go to state 523
    tff_plain_atomic        go to state 181
    tff_defined_atomic      go to state 182
    tff_defined_plain       go to state 183
    tff_defined_infix       go to state 524
    tff_system_atomic       go to state 185
    txf_let                 go to state 186
    nxf_atom                go to state 187
    tff_unitary_term        go to state 188
    txf_tuple               go to state 525
    nxf_long_connective     go to state 194
    ntf_short_connective    go to state 195
    tff_unary_connective    go to state 196
    tff_quantifier          go to state 197
    fof_quantifier          go to state 198
    unary_connective        go to state 199
    constant                go to state 348
    functor                 go to state 204
    defined_constant        go to state 349
    defined_functor         go to state 206
    system_constant         go to state 207
    system_functor          go to state 208
    defined_term            go to state 209
    variable                go to state 210
    atomic_word             go to state 120
    atomic_defined_word     go to state 121
    atomic_system_word      go to state 122
    number                  go to state 123


State 357

  139 tff_and_formula: tff_and_formula AMPERSAND . tff_unit_formula

    EXCLAMATION         shift, and go to state 124
    LBRACE              shift, and go to state 160
    LBRKT               shift, and go to state 161
    LPAREN              shift, and go to state 341
    QUESTION            shift, and go to state 127
    TILDE               shift, and go to state 128
    _DLR_let            shift, and go to state 163
    back_quoted         shift, and go to state 27
    distinct_object     shift, and go to state 92
    dollar_dollar_word  shift, and go to state 93
    dollar_word         shift, and go to state 94
    hash                shift, and go to state 164
    integer             shift, and go to state 78
    less_sign           shift, and go to state 165
    lower_word          shift, and go to state 29
    rational            shift, and go to state 79
    real                shift, and go to state 80
    single_quoted       shift, and go to state 30
    upper_word          shift, and go to state 81

    tff_unit_formula        go to state 526
    tff_unitary_formula     go to state 521
    txf_unitary_formula     go to state 175
    tff_quantified_formula  go to state 176
    tff_unary_formula       go to state 522
    tff_prefix_unary        go to state 178
    tff_infix_unary         go to state 179
    tff_atomic_formula      go to state 523
    tff_plain_atomic        go to state 181
    tff_defined_atomic      go to state 182
    tff_defined_plain       go to state 183
    tff_defined_infix       go to state 524
    tff_system_atomic       go to state 185
    txf_let                 go to state 186
    nxf_atom                go to state 187
    tff_unitary_term        go to state 188
    txf_tuple               go to state 525
    nxf_long_connective     go to state 194
    ntf_short_connective    go to state 195
    tff_unary_connective    go to state 196
    tff_quantifier          go to state 197
    fof_quantifier          go to state 198
    unary_connective        go to state 199
    constant                go to state 348
    functor                 go to state 204
    defined_constant        go to state 349
    defined_functor         go to state 206
    system_constant         go to state 207
    system_functor          go to state 208
    defined_term            go to state 209
    variable                go to state 210
    atomic_word             go to state 120
    atomic_defined_word     go to state 121
    atomic_system_word      go to state 122
    number                  go to state 123


State 358

  138 tff_and_formula: tff_unit_formula AMPERSAND . tff_unit_formula

    EXCLAMATION         shift, and go to state 124
    LBRACE              shift, and go to state 160
    LBRKT               shift, and go to state 161
    LPAREN              shift, and go to state 341
    QUESTION            shift, and go to state 127
    TILDE               shift, and go to state 128
    _DLR_let            shift, and go to state 163
    back_quoted         shift, and go to state 27
    distinct_object     shift, and go to state 92
    dollar_dollar_word  shift, and go to state 93
    dollar_word         shift, and go to state 94
    hash                shift, and go to state 164
    integer             shift, and go to state 78
    less_sign           shift, and go to state 165
    lower_word          shift, and go to state 29
    rational            shift, and go to state 79
    real                shift, and go to state 80
    single_quoted       shift, and go to state 30
    upper_word          shift, and go to state 81

    tff_unit_formula        go to state 527
    tff_unitary_formula     go to state 521
    txf_unitary_formula     go to state 175
    tff_quantified_formula  go to state 176
    tff_unary_formula       go to state 522
    tff_prefix_unary        go to state 178
    tff_infix_unary         go to state 179
    tff_atomic_formula      go to state 523
    tff_plain_atomic        go to state 181
    tff_defined_atomic      go to state 182
    tff_defined_plain       go to state 183
    tff_defined_infix       go to state 524
    tff_system_atomic       go to state 185
    txf_let                 go to state 186
    nxf_atom                go to state 187
    tff_unitary_term        go to state 188
    txf_tuple               go to state 525
    nxf_long_connective     go to state 194
    ntf_short_connective    go to state 195
    tff_unary_connective    go to state 196
    tff_quantifier          go to state 197
    fof_quantifier          go to state 198
    unary_connective        go to state 199
    constant                go to state 348
    functor                 go to state 204
    defined_constant        go to state 349
    defined_functor         go to state 206
    system_constant         go to state 207
    system_functor          go to state 208
    defined_term            go to state 209
    variable                go to state 210
    atomic_word             go to state 120
    atomic_defined_word     go to state 121
    atomic_system_word      go to state 122
    number                  go to state 123


State 359

  136 tff_or_formula: tff_unit_formula VLINE . tff_unit_formula

    EXCLAMATION         shift, and go to state 124
    LBRACE              shift, and go to state 160
    LBRKT               shift, and go to state 161
    LPAREN              shift, and go to state 341
    QUESTION            shift, and go to state 127
    TILDE               shift, and go to state 128
    _DLR_let            shift, and go to state 163
    back_quoted         shift, and go to state 27
    distinct_object     shift, and go to state 92
    dollar_dollar_word  shift, and go to state 93
    dollar_word         shift, and go to state 94
    hash                shift, and go to state 164
    integer             shift, and go to state 78
    less_sign           shift, and go to state 165
    lower_word          shift, and go to state 29
    rational            shift, and go to state 79
    real                shift, and go to state 80
    single_quoted       shift, and go to state 30
    upper_word          shift, and go to state 81

    tff_unit_formula        go to state 528
    tff_unitary_formula     go to state 521
    txf_unitary_formula     go to state 175
    tff_quantified_formula  go to state 176
    tff_unary_formula       go to state 522
    tff_prefix_unary        go to state 178
    tff_infix_unary         go to state 179
    tff_atomic_formula      go to state 523
    tff_plain_atomic        go to state 181
    tff_defined_atomic      go to state 182
    tff_defined_plain       go to state 183
    tff_defined_infix       go to state 524
    tff_system_atomic       go to state 185
    txf_let                 go to state 186
    nxf_atom                go to state 187
    tff_unitary_term        go to state 188
    txf_tuple               go to state 525
    nxf_long_connective     go to state 194
    ntf_short_connective    go to state 195
    tff_unary_connective    go to state 196
    tff_quantifier          go to state 197
    fof_quantifier          go to state 198
    unary_connective        go to state 199
    constant                go to state 348
    functor                 go to state 204
    defined_constant        go to state 349
    defined_functor         go to state 206
    system_constant         go to state 207
    system_functor          go to state 208
    defined_term            go to state 209
    variable                go to state 210
    atomic_word             go to state 120
    atomic_defined_word     go to state 121
    atomic_system_word      go to state 122
    number                  go to state 123


State 360

  133 tff_binary_nonassoc: tff_unit_formula nonassoc_connective . tff_unit_formula

    EXCLAMATION         shift, and go to state 124
    LBRACE              shift, and go to state 160
    LBRKT               shift, and go to state 161
    LPAREN              shift, and go to state 341
    QUESTION            shift, and go to state 127
    TILDE               shift, and go to state 128
    _DLR_let            shift, and go to state 163
    back_quoted         shift, and go to state 27
    distinct_object     shift, and go to state 92
    dollar_dollar_word  shift, and go to state 93
    dollar_word         shift, and go to state 94
    hash                shift, and go to state 164
    integer             shift, and go to state 78
    less_sign           shift, and go to state 165
    lower_word          shift, and go to state 29
    rational            shift, and go to state 79
    real                shift, and go to state 80
    single_quoted       shift, and go to state 30
    upper_word          shift, and go to state 81

    tff_unit_formula        go to state 529
    tff_unitary_formula     go to state 521
    txf_unitary_formula     go to state 175
    tff_quantified_formula  go to state 176
    tff_unary_formula       go to state 522
    tff_prefix_unary        go to state 178
    tff_infix_unary         go to state 179
    tff_atomic_formula      go to state 523
    tff_plain_atomic        go to state 181
    tff_defined_atomic      go to state 182
    tff_defined_plain       go to state 183
    tff_defined_infix       go to state 524
    tff_system_atomic       go to state 185
    txf_let                 go to state 186
    nxf_atom                go to state 187
    tff_unitary_term        go to state 188
    txf_tuple               go to state 525
    nxf_long_connective     go to state 194
    ntf_short_connective    go to state 195
    tff_unary_connective    go to state 196
    tff_quantifier          go to state 197
    fof_quantifier          go to state 198
    unary_connective        go to state 199
    constant                go to state 348
    functor                 go to state 204
    defined_constant        go to state 349
    defined_functor         go to state 206
    system_constant         go to state 207
    system_functor          go to state 208
    defined_term            go to state 209
    variable                go to state 210
    atomic_word             go to state 120
    atomic_defined_word     go to state 121
    atomic_system_word      go to state 122
    number                  go to state 123


State 361

  347 identical: EQUALS_EQUALS .

    $default  reduce using rule 347 (identical)


State 362

  226 txf_definition: tff_atomic_formula identical . tff_term

    EXCLAMATION         shift, and go to state 124
    LBRACE              shift, and go to state 160
    LBRKT               shift, and go to state 161
    LPAREN              shift, and go to state 341
    QUESTION            shift, and go to state 127
    TILDE               shift, and go to state 128
    _DLR_let            shift, and go to state 163
    back_quoted         shift, and go to state 27
    distinct_object     shift, and go to state 92
    dollar_dollar_word  shift, and go to state 93
    dollar_word         shift, and go to state 94
    hash                shift, and go to state 164
    integer             shift, and go to state 78
    less_sign           shift, and go to state 165
    lower_word          shift, and go to state 29
    rational            shift, and go to state 79
    real                shift, and go to state 80
    single_quoted       shift, and go to state 30
    upper_word          shift, and go to state 81

    tff_logic_formula       go to state 344
    tff_binary_formula      go to state 168
    tff_binary_nonassoc     go to state 169
    tff_binary_assoc        go to state 170
    tff_or_formula          go to state 171
    tff_and_formula         go to state 172
    tff_unit_formula        go to state 173
    tff_unitary_formula     go to state 174
    txf_unitary_formula     go to state 175
    tff_quantified_formula  go to state 176
    tff_unary_formula       go to state 177
    tff_prefix_unary        go to state 178
    tff_infix_unary         go to state 179
    tff_atomic_formula      go to state 180
    tff_plain_atomic        go to state 181
    tff_defined_atomic      go to state 182
    tff_defined_plain       go to state 183
    tff_defined_infix       go to state 184
    tff_system_atomic       go to state 185
    txf_let                 go to state 186
    nxf_atom                go to state 187
    tff_term                go to state 530
    tff_unitary_term        go to state 188
    txf_tuple               go to state 346
    txf_definition          go to state 192
    txf_sequent             go to state 193
    nxf_long_connective     go to state 194
    ntf_short_connective    go to state 195
    tff_unary_connective    go to state 196
    tff_quantifier          go to state 197
    fof_quantifier          go to state 198
    unary_connective        go to state 199
    constant                go to state 348
    functor                 go to state 204
    defined_constant        go to state 349
    defined_functor         go to state 206
    system_constant         go to state 207
    system_functor          go to state 208
    defined_term            go to state 350
    variable                go to state 210
    atomic_word             go to state 120
    atomic_defined_word     go to state 121
    atomic_system_word      go to state 122
    number                  go to state 123


State 363

  170 tff_defined_infix: tff_unitary_term defined_infix_pred . tff_unitary_term

    LBRACE              shift, and go to state 531
    LBRKT               shift, and go to state 532
    LPAREN              shift, and go to state 533
    _DLR_let            shift, and go to state 163
    back_quoted         shift, and go to state 27
    distinct_object     shift, and go to state 92
    dollar_dollar_word  shift, and go to state 93
    dollar_word         shift, and go to state 94
    integer             shift, and go to state 78
    lower_word          shift, and go to state 29
    rational            shift, and go to state 79
    real                shift, and go to state 80
    single_quoted       shift, and go to state 30
    upper_word          shift, and go to state 81

    tff_atomic_formula   go to state 534
    tff_plain_atomic     go to state 181
    tff_defined_atomic   go to state 182
    tff_defined_plain    go to state 183
    tff_system_atomic    go to state 185
    txf_let              go to state 186
    nxf_atom             go to state 187
    tff_unitary_term     go to state 535
    txf_tuple            go to state 525
    nxf_long_connective  go to state 194
    constant             go to state 348
    functor              go to state 204
    defined_constant     go to state 349
    defined_functor      go to state 206
    system_constant      go to state 207
    system_functor       go to state 208
    defined_term         go to state 209
    variable             go to state 536
    atomic_word          go to state 120
    atomic_defined_word  go to state 121
    atomic_system_word   go to state 122
    number               go to state 123


State 364

  159 tff_infix_unary: tff_unitary_term infix_inequality . tff_unitary_term

    LBRACE              shift, and go to state 531
    LBRKT               shift, and go to state 532
    LPAREN              shift, and go to state 533
    _DLR_let            shift, and go to state 163
    back_quoted         shift, and go to state 27
    distinct_object     shift, and go to state 92
    dollar_dollar_word  shift, and go to state 93
    dollar_word         shift, and go to state 94
    integer             shift, and go to state 78
    lower_word          shift, and go to state 29
    rational            shift, and go to state 79
    real                shift, and go to state 80
    single_quoted       shift, and go to state 30
    upper_word          shift, and go to state 81

    tff_atomic_formula   go to state 534
    tff_plain_atomic     go to state 181
    tff_defined_atomic   go to state 182
    tff_defined_plain    go to state 183
    tff_system_atomic    go to state 185
    txf_let              go to state 186
    nxf_atom             go to state 187
    tff_unitary_term     go to state 537
    txf_tuple            go to state 525
    nxf_long_connective  go to state 194
    constant             go to state 348
    functor              go to state 204
    defined_constant     go to state 349
    defined_functor      go to state 206
    system_constant      go to state 207
    system_functor       go to state 208
    defined_term         go to state 209
    variable             go to state 536
    atomic_word          go to state 120
    atomic_defined_word  go to state 121
    atomic_system_word   go to state 122
    number               go to state 123


State 365

  227 txf_sequent: txf_tuple gentzen_arrow . txf_tuple

    LBRKT  shift, and go to state 532

    txf_tuple  go to state 538


State 366

  185 nxf_atom: nxf_long_connective AT_SIGN . LPAREN tff_arguments RPAREN

    LPAREN  shift, and go to state 539


State 367

  246 ntf_short_connective: LBRKT . PERIOD RBRKT

    PERIOD  shift, and go to state 342


State 368

  148 tff_unitary_formula: LPAREN . tff_logic_formula RPAREN
  249 ntf_short_connective: LPAREN . PERIOD RPAREN

    EXCLAMATION         shift, and go to state 124
    LBRACE              shift, and go to state 160
    LBRKT               shift, and go to state 161
    LPAREN              shift, and go to state 341
    PERIOD              shift, and go to state 351
    QUESTION            shift, and go to state 127
    TILDE               shift, and go to state 128
    _DLR_let            shift, and go to state 163
    back_quoted         shift, and go to state 27
    distinct_object     shift, and go to state 92
    dollar_dollar_word  shift, and go to state 93
    dollar_word         shift, and go to state 94
    hash                shift, and go to state 164
    integer             shift, and go to state 78
    less_sign           shift, and go to state 165
    lower_word          shift, and go to state 29
    rational            shift, and go to state 79
    real                shift, and go to state 80
    single_quoted       shift, and go to state 30
    upper_word          shift, and go to state 81

    tff_logic_formula       go to state 540
    tff_binary_formula      go to state 168
    tff_binary_nonassoc     go to state 169
    tff_binary_assoc        go to state 170
    tff_or_formula          go to state 171
    tff_and_formula         go to state 172
    tff_unit_formula        go to state 173
    tff_unitary_formula     go to state 174
    txf_unitary_formula     go to state 175
    tff_quantified_formula  go to state 176
    tff_unary_formula       go to state 177
    tff_prefix_unary        go to state 178
    tff_infix_unary         go to state 179
    tff_atomic_formula      go to state 180
    tff_plain_atomic        go to state 181
    tff_defined_atomic      go to state 182
    tff_defined_plain       go to state 183
    tff_defined_infix       go to state 184
    tff_system_atomic       go to state 185
    txf_let                 go to state 186
    nxf_atom                go to state 187
    tff_unitary_term        go to state 188
    txf_tuple               go to state 189
    txf_definition          go to state 192
    txf_sequent             go to state 193
    nxf_long_connective     go to state 194
    ntf_short_connective    go to state 195
    tff_unary_connective    go to state 196
    tff_quantifier          go to state 197
    fof_quantifier          go to state 198
    unary_connective        go to state 199
    constant                go to state 348
    functor                 go to state 204
    defined_constant        go to state 349
    defined_functor         go to state 206
    system_constant         go to state 207
    system_functor          go to state 208
    defined_term            go to state 209
    variable                go to state 210
    atomic_word             go to state 120
    atomic_defined_word     go to state 121
    atomic_system_word      go to state 122
    number                  go to state 123


State 369

  158 tff_prefix_unary: tff_unary_connective tff_preunit_formula .

    $default  reduce using rule 158 (tff_prefix_unary)


State 370

  143 tff_preunit_formula: tff_unitary_formula .

    $default  reduce using rule 143 (tff_preunit_formula)


State 371

  144 tff_preunit_formula: tff_prefix_unary .

    $default  reduce using rule 144 (tff_preunit_formula)


State 372

  146 tff_unitary_formula: tff_atomic_formula .

    $default  reduce using rule 146 (tff_unitary_formula)


State 373

  149 txf_unitary_formula: variable .

    $default  reduce using rule 149 (txf_unitary_formula)


State 374

  150 tff_quantified_formula: tff_quantifier LBRKT . tff_variable_list RBRKT COLON tff_unit_formula

    upper_word  shift, and go to state 81

    tff_variable_list   go to state 541
    tff_variable        go to state 482
    tff_typed_variable  go to state 483
    variable            go to state 484


State 375

  329 subtype_sign: LESS_LESS .

    $default  reduce using rule 329 (subtype_sign)


State 376

  225 tff_subtype: atomic_type subtype_sign . atomic_type

    back_quoted         shift, and go to state 27
    distinct_object     shift, and go to state 513
    dollar_dollar_word  shift, and go to state 93
    dollar_word         shift, and go to state 94
    lower_word          shift, and go to state 29
    single_quoted       shift, and go to state 30

    typeable_atom        go to state 542
    atomic_type          go to state 543
    system_type          go to state 202
    constant             go to state 516
    functor              go to state 517
    defined_constant     go to state 544
    defined_functor      go to state 545
    atomic_word          go to state 120
    atomic_defined_word  go to state 121
    atomic_system_word   go to state 546


State 377

  164 tff_plain_atomic: functor LPAREN . tff_arguments RPAREN

    EXCLAMATION         shift, and go to state 124
    LBRACE              shift, and go to state 160
    LBRKT               shift, and go to state 161
    LPAREN              shift, and go to state 341
    QUESTION            shift, and go to state 127
    TILDE               shift, and go to state 128
    _DLR_let            shift, and go to state 163
    back_quoted         shift, and go to state 27
    distinct_object     shift, and go to state 92
    dollar_dollar_word  shift, and go to state 93
    dollar_word         shift, and go to state 94
    hash                shift, and go to state 164
    integer             shift, and go to state 78
    less_sign           shift, and go to state 165
    lower_word          shift, and go to state 29
    rational            shift, and go to state 79
    real                shift, and go to state 80
    single_quoted       shift, and go to state 30
    upper_word          shift, and go to state 81

    tff_logic_formula       go to state 344
    tff_binary_formula      go to state 168
    tff_binary_nonassoc     go to state 169
    tff_binary_assoc        go to state 170
    tff_or_formula          go to state 171
    tff_and_formula         go to state 172
    tff_unit_formula        go to state 173
    tff_unitary_formula     go to state 174
    txf_unitary_formula     go to state 175
    tff_quantified_formula  go to state 176
    tff_unary_formula       go to state 177
    tff_prefix_unary        go to state 178
    tff_infix_unary         go to state 179
    tff_atomic_formula      go to state 180
    tff_plain_atomic        go to state 181
    tff_defined_atomic      go to state 182
    tff_defined_plain       go to state 183
    tff_defined_infix       go to state 184
    tff_system_atomic       go to state 185
    txf_let                 go to state 186
    nxf_atom                go to state 187
    tff_term                go to state 345
    tff_unitary_term        go to state 188
    txf_tuple               go to state 346
    tff_arguments           go to state 547
    txf_definition          go to state 192
    txf_sequent             go to state 193
    nxf_long_connective     go to state 194
    ntf_short_connective    go to state 195
    tff_unary_connective    go to state 196
    tff_quantifier          go to state 197
    fof_quantifier          go to state 198
    unary_connective        go to state 199
    constant                go to state 348
    functor                 go to state 204
    defined_constant        go to state 349
    defined_functor         go to state 206
    system_constant         go to state 207
    system_functor          go to state 208
    defined_term            go to state 350
    variable                go to state 210
    atomic_word             go to state 120
    atomic_defined_word     go to state 121
    atomic_system_word      go to state 122
    number                  go to state 123


State 378

  167 tff_defined_plain: defined_functor LPAREN . tff_arguments RPAREN

    EXCLAMATION         shift, and go to state 124
    LBRACE              shift, and go to state 160
    LBRKT               shift, and go to state 161
    LPAREN              shift, and go to state 341
    QUESTION            shift, and go to state 127
    TILDE               shift, and go to state 128
    _DLR_let            shift, and go to state 163
    back_quoted         shift, and go to state 27
    distinct_object     shift, and go to state 92
    dollar_dollar_word  shift, and go to state 93
    dollar_word         shift, and go to state 94
    hash                shift, and go to state 164
    integer             shift, and go to state 78
    less_sign           shift, and go to state 165
    lower_word          shift, and go to state 29
    rational            shift, and go to state 79
    real                shift, and go to state 80
    single_quoted       shift, and go to state 30
    upper_word          shift, and go to state 81

    tff_logic_formula       go to state 344
    tff_binary_formula      go to state 168
    tff_binary_nonassoc     go to state 169
    tff_binary_assoc        go to state 170
    tff_or_formula          go to state 171
    tff_and_formula         go to state 172
    tff_unit_formula        go to state 173
    tff_unitary_formula     go to state 174
    txf_unitary_formula     go to state 175
    tff_quantified_formula  go to state 176
    tff_unary_formula       go to state 177
    tff_prefix_unary        go to state 178
    tff_infix_unary         go to state 179
    tff_atomic_formula      go to state 180
    tff_plain_atomic        go to state 181
    tff_defined_atomic      go to state 182
    tff_defined_plain       go to state 183
    tff_defined_infix       go to state 184
    tff_system_atomic       go to state 185
    txf_let                 go to state 186
    nxf_atom                go to state 187
    tff_term                go to state 345
    tff_unitary_term        go to state 188
    txf_tuple               go to state 346
    tff_arguments           go to state 548
    txf_definition          go to state 192
    txf_sequent             go to state 193
    nxf_long_connective     go to state 194
    ntf_short_connective    go to state 195
    tff_unary_connective    go to state 196
    tff_quantifier          go to state 197
    fof_quantifier          go to state 198
    unary_connective        go to state 199
    constant                go to state 348
    functor                 go to state 204
    defined_constant        go to state 349
    defined_functor         go to state 206
    system_constant         go to state 207
    system_functor          go to state 208
    defined_term            go to state 350
    variable                go to state 210
    atomic_word             go to state 120
    atomic_defined_word     go to state 121
    atomic_system_word      go to state 122
    number                  go to state 123


State 379

  172 tff_system_atomic: system_functor LPAREN . tff_arguments RPAREN

    EXCLAMATION         shift, and go to state 124
    LBRACE              shift, and go to state 160
    LBRKT               shift, and go to state 161
    LPAREN              shift, and go to state 341
    QUESTION            shift, and go to state 127
    TILDE               shift, and go to state 128
    _DLR_let            shift, and go to state 163
    back_quoted         shift, and go to state 27
    distinct_object     shift, and go to state 92
    dollar_dollar_word  shift, and go to state 93
    dollar_word         shift, and go to state 94
    hash                shift, and go to state 164
    integer             shift, and go to state 78
    less_sign           shift, and go to state 165
    lower_word          shift, and go to state 29
    rational            shift, and go to state 79
    real                shift, and go to state 80
    single_quoted       shift, and go to state 30
    upper_word          shift, and go to state 81

    tff_logic_formula       go to state 344
    tff_binary_formula      go to state 168
    tff_binary_nonassoc     go to state 169
    tff_binary_assoc        go to state 170
    tff_or_formula          go to state 171
    tff_and_formula         go to state 172
    tff_unit_formula        go to state 173
    tff_unitary_formula     go to state 174
    txf_unitary_formula     go to state 175
    tff_quantified_formula  go to state 176
    tff_unary_formula       go to state 177
    tff_prefix_unary        go to state 178
    tff_infix_unary         go to state 179
    tff_atomic_formula      go to state 180
    tff_plain_atomic        go to state 181
    tff_defined_atomic      go to state 182
    tff_defined_plain       go to state 183
    tff_defined_infix       go to state 184
    tff_system_atomic       go to state 185
    txf_let                 go to state 186
    nxf_atom                go to state 187
    tff_term                go to state 345
    tff_unitary_term        go to state 188
    txf_tuple               go to state 346
    tff_arguments           go to state 549
    txf_definition          go to state 192
    txf_sequent             go to state 193
    nxf_long_connective     go to state 194
    ntf_short_connective    go to state 195
    tff_unary_connective    go to state 196
    tff_quantifier          go to state 197
    fof_quantifier          go to state 198
    unary_connective        go to state 199
    constant                go to state 348
    functor                 go to state 204
    defined_constant        go to state 349
    defined_functor         go to state 206
    system_constant         go to state 207
    system_functor          go to state 208
    defined_term            go to state 350
    variable                go to state 210
    atomic_word             go to state 120
    atomic_defined_word     go to state 121
    atomic_system_word      go to state 122
    number                  go to state 123


State 380

  228 nhf_long_connective: LBRACE ntf_connective_name . RBRACE
  229                    | LBRACE ntf_connective_name . LPAREN nhf_parameter_list RPAREN RBRACE

    LPAREN  shift, and go to state 550
    RBRACE  shift, and go to state 551


State 381

   52 thf_unitary_formula: LPAREN . thf_logic_formula RPAREN
   70 thf_defined_atomic: LPAREN . thf_conn_term RPAREN
   89 thf_unitary_term: LPAREN . thf_logic_formula RPAREN
  249 ntf_short_connective: LPAREN . PERIOD RPAREN

    AMPERSAND                shift, and go to state 387
    AT_AT_SIGN_MINUS         shift, and go to state 212
    AT_AT_SIGN_PLUS          shift, and go to state 213
    AT_SIGN_EQUALS           shift, and go to state 214
    AT_SIGN_MINUS            shift, and go to state 215
    AT_SIGN_PLUS             shift, and go to state 216
    CARET                    shift, and go to state 217
    EQUALS                   shift, and go to state 295
    EQUALS_GREATER           shift, and go to state 317
    EXCLAMATION              shift, and go to state 124
    EXCLAMATION_EQUALS       shift, and go to state 296
    EXCLAMATION_EXCLAMATION  shift, and go to state 218
    EXCLAMATION_GREATER      shift, and go to state 219
    LBRACE                   shift, and go to state 220
    LBRKT                    shift, and go to state 221
    LESS_EQUALS              shift, and go to state 318
    LESS_EQUALS_GREATER      shift, and go to state 319
    LESS_TILDE_GREATER       shift, and go to state 320
    LPAREN                   shift, and go to state 381
    PERIOD                   shift, and go to state 351
    QUESTION                 shift, and go to state 127
    QUESTION_QUESTION        shift, and go to state 223
    QUESTION_STAR            shift, and go to state 224
    TILDE                    shift, and go to state 128
    TILDE_AMPERSAND          shift, and go to state 321
    TILDE_VLINE              shift, and go to state 322
    VLINE                    shift, and go to state 388
    _DLR_let                 shift, and go to state 225
    back_quoted              shift, and go to state 27
    distinct_object          shift, and go to state 92
    dollar_dollar_word       shift, and go to state 93
    dollar_word              shift, and go to state 94
    hash                     shift, and go to state 164
    integer                  shift, and go to state 78
    less_sign                shift, and go to state 165
    lower_word               shift, and go to state 29
    rational                 shift, and go to state 79
    real                     shift, and go to state 80
    single_quoted            shift, and go to state 30
    upper_word               shift, and go to state 81

    thf_logic_formula       go to state 389
    thf_binary_formula      go to state 228
    thf_binary_nonassoc     go to state 229
    thf_binary_assoc        go to state 230
    thf_or_formula          go to state 231
    thf_and_formula         go to state 232
    thf_apply_formula       go to state 233
    thf_unit_formula        go to state 234
    thf_unitary_formula     go to state 235
    thf_quantified_formula  go to state 236
    thf_quantification      go to state 237
    thf_unary_formula       go to state 238
    thf_prefix_unary        go to state 239
    thf_infix_unary         go to state 240
    thf_atomic_formula      go to state 241
    thf_plain_atomic        go to state 242
    thf_defined_atomic      go to state 243
    thf_defined_term        go to state 244
    thf_defined_infix       go to state 245
    thf_system_atomic       go to state 246
    thf_let                 go to state 247
    thf_unitary_term        go to state 248
    thf_conn_term           go to state 390
    thf_tuple               go to state 249
    thf_fof_function        go to state 250
    thf_unitary_type        go to state 252
    thf_binary_type         go to state 253
    thf_mapping_type        go to state 254
    thf_xprod_type          go to state 255
    thf_union_type          go to state 256
    thf_definition          go to state 258
    thf_sequent             go to state 259
    nhf_long_connective     go to state 260
    ntf_short_connective    go to state 261
    thf_quantifier          go to state 262
    thf_unary_connective    go to state 392
    th0_quantifier          go to state 264
    type_quantifier         go to state 265
    tff_quantifier          go to state 266
    fof_quantifier          go to state 198
    nonassoc_connective     go to state 393
    assoc_connective        go to state 394
    unary_connective        go to state 267
    infix_equality          go to state 396
    infix_inequality        go to state 397
    constant                go to state 385
    functor                 go to state 271
    defined_constant        go to state 386
    defined_functor         go to state 273
    system_constant         go to state 274
    system_functor          go to state 275
    th1_defined_term        go to state 276
    defined_term            go to state 277
    variable                go to state 278
    atomic_word             go to state 120
    atomic_defined_word     go to state 121
    atomic_system_word      go to state 122
    number                  go to state 123


State 382

   95 thf_tuple: LBRKT RBRKT .

    $default  reduce using rule 95 (thf_tuple)


State 383

  101 thf_formula_list: thf_logic_formula .
  102                 | thf_logic_formula . COMMA thf_formula_list

    COMMA  shift, and go to state 552

    $default  reduce using rule 101 (thf_formula_list)


State 384

   96 thf_tuple: LBRKT thf_formula_list . RBRKT

    RBRKT  shift, and go to state 553


State 385

   66 thf_plain_atomic: constant .

    $default  reduce using rule 66 (thf_plain_atomic)


State 386

   68 thf_defined_atomic: defined_constant .

    $default  reduce using rule 68 (thf_defined_atomic)


State 387

  343 assoc_connective: AMPERSAND .

    $default  reduce using rule 343 (assoc_connective)


State 388

  342 assoc_connective: VLINE .

    $default  reduce using rule 342 (assoc_connective)


State 389

   52 thf_unitary_formula: LPAREN thf_logic_formula . RPAREN
   89 thf_unitary_term: LPAREN thf_logic_formula . RPAREN

    RPAREN  shift, and go to state 554


State 390

   70 thf_defined_atomic: LPAREN thf_conn_term . RPAREN

    RPAREN  shift, and go to state 555


State 391

  104 thf_atom_typing: LPAREN thf_atom_typing . RPAREN

    RPAREN  shift, and go to state 556


State 392

   60 thf_prefix_unary: thf_unary_connective . thf_preunit_formula
   94 thf_conn_term: thf_unary_connective .

    AT_AT_SIGN_MINUS         shift, and go to state 212
    AT_AT_SIGN_PLUS          shift, and go to state 213
    AT_SIGN_EQUALS           shift, and go to state 214
    AT_SIGN_MINUS            shift, and go to state 215
    AT_SIGN_PLUS             shift, and go to state 216
    CARET                    shift, and go to state 217
    EXCLAMATION              shift, and go to state 124
    EXCLAMATION_EXCLAMATION  shift, and go to state 218
    EXCLAMATION_GREATER      shift, and go to state 219
    LBRACE                   shift, and go to state 220
    LBRKT                    shift, and go to state 221
    LPAREN                   shift, and go to state 423
    QUESTION                 shift, and go to state 127
    QUESTION_QUESTION        shift, and go to state 223
    QUESTION_STAR            shift, and go to state 224
    TILDE                    shift, and go to state 128
    _DLR_let                 shift, and go to state 225
    back_quoted              shift, and go to state 27
    distinct_object          shift, and go to state 92
    dollar_dollar_word       shift, and go to state 93
    dollar_word              shift, and go to state 94
    hash                     shift, and go to state 164
    integer                  shift, and go to state 78
    less_sign                shift, and go to state 165
    lower_word               shift, and go to state 29
    rational                 shift, and go to state 79
    real                     shift, and go to state 80
    single_quoted            shift, and go to state 30
    upper_word               shift, and go to state 81

    $default  reduce using rule 94 (thf_conn_term)

    thf_preunit_formula     go to state 424
    thf_unitary_formula     go to state 425
    thf_quantified_formula  go to state 236
    thf_quantification      go to state 237
    thf_prefix_unary        go to state 426
    thf_atomic_formula      go to state 427
    thf_plain_atomic        go to state 242
    thf_defined_atomic      go to state 243
    thf_defined_term        go to state 244
    thf_system_atomic       go to state 246
    thf_let                 go to state 247
    thf_tuple               go to state 412
    thf_fof_function        go to state 250
    nhf_long_connective     go to state 260
    ntf_short_connective    go to state 261
    thf_quantifier          go to state 262
    thf_unary_connective    go to state 263
    th0_quantifier          go to state 264
    type_quantifier         go to state 265
    tff_quantifier          go to state 266
    fof_quantifier          go to state 198
    unary_connective        go to state 267
    constant                go to state 385
    functor                 go to state 271
    defined_constant        go to state 386
    defined_functor         go to state 273
    system_constant         go to state 274
    system_functor          go to state 275
    th1_defined_term        go to state 276
    defined_term            go to state 277
    variable                go to state 428
    atomic_word             go to state 120
    atomic_defined_word     go to state 121
    atomic_system_word      go to state 122
    number                  go to state 123


State 393

   90 thf_conn_term: nonassoc_connective .

    $default  reduce using rule 90 (thf_conn_term)


State 394

   91 thf_conn_term: assoc_connective .

    $default  reduce using rule 91 (thf_conn_term)


State 395

  103 thf_atom_typing: typeable_atom . COLON thf_top_level_type

    COLON  shift, and go to state 429


State 396

   92 thf_conn_term: infix_equality .

    $default  reduce using rule 92 (thf_conn_term)


State 397

   93 thf_conn_term: infix_inequality .

    $default  reduce using rule 93 (thf_conn_term)


State 398

   77 thf_let: _DLR_let LPAREN . thf_let_types COMMA thf_let_defns COMMA thf_logic_formula RPAREN

    LBRKT            shift, and go to state 557
    LPAREN           shift, and go to state 558
    back_quoted      shift, and go to state 27
    distinct_object  shift, and go to state 513
    lower_word       shift, and go to state 29
    single_quoted    shift, and go to state 30

    thf_let_types    go to state 559
    thf_atom_typing  go to state 560
    typeable_atom    go to state 395
    constant         go to state 516
    functor          go to state 517
    atomic_word      go to state 120


State 399

   13 thf_annotated: _LIT_thf LPAREN name COMMA formula_role COMMA thf_formula annotations . RPAREN PERIOD

    RPAREN  shift, and go to state 561


State 400

   39 thf_or_formula: thf_or_formula VLINE . thf_unit_formula

    AT_AT_SIGN_MINUS         shift, and go to state 212
    AT_AT_SIGN_PLUS          shift, and go to state 213
    AT_SIGN_EQUALS           shift, and go to state 214
    AT_SIGN_MINUS            shift, and go to state 215
    AT_SIGN_PLUS             shift, and go to state 216
    CARET                    shift, and go to state 217
    EXCLAMATION              shift, and go to state 124
    EXCLAMATION_EXCLAMATION  shift, and go to state 218
    EXCLAMATION_GREATER      shift, and go to state 219
    LBRACE                   shift, and go to state 220
    LBRKT                    shift, and go to state 221
    LPAREN                   shift, and go to state 381
    QUESTION                 shift, and go to state 127
    QUESTION_QUESTION        shift, and go to state 223
    QUESTION_STAR            shift, and go to state 224
    TILDE                    shift, and go to state 128
    _DLR_let                 shift, and go to state 225
    back_quoted              shift, and go to state 27
    distinct_object          shift, and go to state 92
    dollar_dollar_word       shift, and go to state 93
    dollar_word              shift, and go to state 94
    hash                     shift, and go to state 164
    integer                  shift, and go to state 78
    less_sign                shift, and go to state 165
    lower_word               shift, and go to state 29
    rational                 shift, and go to state 79
    real                     shift, and go to state 80
    single_quoted            shift, and go to state 30
    upper_word               shift, and go to state 81

    thf_unit_formula        go to state 562
    thf_unitary_formula     go to state 408
    thf_quantified_formula  go to state 236
    thf_quantification      go to state 237
    thf_unary_formula       go to state 409
    thf_prefix_unary        go to state 239
    thf_infix_unary         go to state 240
    thf_atomic_formula      go to state 410
    thf_plain_atomic        go to state 242
    thf_defined_atomic      go to state 243
    thf_defined_term        go to state 244
    thf_defined_infix       go to state 411
    thf_system_atomic       go to state 246
    thf_let                 go to state 247
    thf_unitary_term        go to state 248
    thf_tuple               go to state 412
    thf_fof_function        go to state 250
    nhf_long_connective     go to state 260
    ntf_short_connective    go to state 261
    thf_quantifier          go to state 262
    thf_unary_connective    go to state 263
    th0_quantifier          go to state 264
    type_quantifier         go to state 265
    tff_quantifier          go to state 266
    fof_quantifier          go to state 198
    unary_connective        go to state 267
    constant                go to state 385
    functor                 go to state 271
    defined_constant        go to state 386
    defined_functor         go to state 273
    system_constant         go to state 274
    system_functor          go to state 275
    th1_defined_term        go to state 276
    defined_term            go to state 277
    variable                go to state 278
    atomic_word             go to state 120
    atomic_defined_word     go to state 121
    atomic_system_word      go to state 122
    number                  go to state 123


State 401

   41 thf_and_formula: thf_and_formula AMPERSAND . thf_unit_formula

    AT_AT_SIGN_MINUS         shift, and go to state 212
    AT_AT_SIGN_PLUS          shift, and go to state 213
    AT_SIGN_EQUALS           shift, and go to state 214
    AT_SIGN_MINUS            shift, and go to state 215
    AT_SIGN_PLUS             shift, and go to state 216
    CARET                    shift, and go to state 217
    EXCLAMATION              shift, and go to state 124
    EXCLAMATION_EXCLAMATION  shift, and go to state 218
    EXCLAMATION_GREATER      shift, and go to state 219
    LBRACE                   shift, and go to state 220
    LBRKT                    shift, and go to state 221
    LPAREN                   shift, and go to state 381
    QUESTION                 shift, and go to state 127
    QUESTION_QUESTION        shift, and go to state 223
    QUESTION_STAR            shift, and go to state 224
    TILDE                    shift, and go to state 128
    _DLR_let                 shift, and go to state 225
    back_quoted              shift, and go to state 27
    distinct_object          shift, and go to state 92
    dollar_dollar_word       shift, and go to state 93
    dollar_word              shift, and go to state 94
    hash                     shift, and go to state 164
    integer                  shift, and go to state 78
    less_sign                shift, and go to state 165
    lower_word               shift, and go to state 29
    rational                 shift, and go to state 79
    real                     shift, and go to state 80
    single_quoted            shift, and go to state 30
    upper_word               shift, and go to state 81

    thf_unit_formula        go to state 563
    thf_unitary_formula     go to state 408
    thf_quantified_formula  go to state 236
    thf_quantification      go to state 237
    thf_unary_formula       go to state 409
    thf_prefix_unary        go to state 239
    thf_infix_unary         go to state 240
    thf_atomic_formula      go to state 410
    thf_plain_atomic        go to state 242
    thf_defined_atomic      go to state 243
    thf_defined_term        go to state 244
    thf_defined_infix       go to state 411
    thf_system_atomic       go to state 246
    thf_let                 go to state 247
    thf_unitary_term        go to state 248
    thf_tuple               go to state 412
    thf_fof_function        go to state 250
    nhf_long_connective     go to state 260
    ntf_short_connective    go to state 261
    thf_quantifier          go to state 262
    thf_unary_connective    go to state 263
    th0_quantifier          go to state 264
    type_quantifier         go to state 265
    tff_quantifier          go to state 266
    fof_quantifier          go to state 198
    unary_connective        go to state 267
    constant                go to state 385
    functor                 go to state 271
    defined_constant        go to state 386
    defined_functor         go to state 273
    system_constant         go to state 274
    system_functor          go to state 275
    th1_defined_term        go to state 276
    defined_term            go to state 277
    variable                go to state 278
    atomic_word             go to state 120
    atomic_defined_word     go to state 121
    atomic_system_word      go to state 122
    number                  go to state 123


State 402

   43 thf_apply_formula: thf_apply_formula AT_SIGN . thf_unit_formula

    AT_AT_SIGN_MINUS         shift, and go to state 212
    AT_AT_SIGN_PLUS          shift, and go to state 213
    AT_SIGN_EQUALS           shift, and go to state 214
    AT_SIGN_MINUS            shift, and go to state 215
    AT_SIGN_PLUS             shift, and go to state 216
    CARET                    shift, and go to state 217
    EXCLAMATION              shift, and go to state 124
    EXCLAMATION_EXCLAMATION  shift, and go to state 218
    EXCLAMATION_GREATER      shift, and go to state 219
    LBRACE                   shift, and go to state 220
    LBRKT                    shift, and go to state 221
    LPAREN                   shift, and go to state 381
    QUESTION                 shift, and go to state 127
    QUESTION_QUESTION        shift, and go to state 223
    QUESTION_STAR            shift, and go to state 224
    TILDE                    shift, and go to state 128
    _DLR_let                 shift, and go to state 225
    back_quoted              shift, and go to state 27
    distinct_object          shift, and go to state 92
    dollar_dollar_word       shift, and go to state 93
    dollar_word              shift, and go to state 94
    hash                     shift, and go to state 164
    integer                  shift, and go to state 78
    less_sign                shift, and go to state 165
    lower_word               shift, and go to state 29
    rational                 shift, and go to state 79
    real                     shift, and go to state 80
    single_quoted            shift, and go to state 30
    upper_word               shift, and go to state 81

    thf_unit_formula        go to state 564
    thf_unitary_formula     go to state 408
    thf_quantified_formula  go to state 236
    thf_quantification      go to state 237
    thf_unary_formula       go to state 409
    thf_prefix_unary        go to state 239
    thf_infix_unary         go to state 240
    thf_atomic_formula      go to state 410
    thf_plain_atomic        go to state 242
    thf_defined_atomic      go to state 243
    thf_defined_term        go to state 244
    thf_defined_infix       go to state 411
    thf_system_atomic       go to state 246
    thf_let                 go to state 247
    thf_unitary_term        go to state 248
    thf_tuple               go to state 412
    thf_fof_function        go to state 250
    nhf_long_connective     go to state 260
    ntf_short_connective    go to state 261
    thf_quantifier          go to state 262
    thf_unary_connective    go to state 263
    th0_quantifier          go to state 264
    type_quantifier         go to state 265
    tff_quantifier          go to state 266
    fof_quantifier          go to state 198
    unary_connective        go to state 267
    constant                go to state 385
    functor                 go to state 271
    defined_constant        go to state 386
    defined_functor         go to state 273
    system_constant         go to state 274
    system_functor          go to state 275
    th1_defined_term        go to state 276
    defined_term            go to state 277
    variable                go to state 278
    atomic_word             go to state 120
    atomic_defined_word     go to state 121
    atomic_system_word      go to state 122
    number                  go to state 123


State 403

   40 thf_and_formula: thf_unit_formula AMPERSAND . thf_unit_formula

    AT_AT_SIGN_MINUS         shift, and go to state 212
    AT_AT_SIGN_PLUS          shift, and go to state 213
    AT_SIGN_EQUALS           shift, and go to state 214
    AT_SIGN_MINUS            shift, and go to state 215
    AT_SIGN_PLUS             shift, and go to state 216
    CARET                    shift, and go to state 217
    EXCLAMATION              shift, and go to state 124
    EXCLAMATION_EXCLAMATION  shift, and go to state 218
    EXCLAMATION_GREATER      shift, and go to state 219
    LBRACE                   shift, and go to state 220
    LBRKT                    shift, and go to state 221
    LPAREN                   shift, and go to state 381
    QUESTION                 shift, and go to state 127
    QUESTION_QUESTION        shift, and go to state 223
    QUESTION_STAR            shift, and go to state 224
    TILDE                    shift, and go to state 128
    _DLR_let                 shift, and go to state 225
    back_quoted              shift, and go to state 27
    distinct_object          shift, and go to state 92
    dollar_dollar_word       shift, and go to state 93
    dollar_word              shift, and go to state 94
    hash                     shift, and go to state 164
    integer                  shift, and go to state 78
    less_sign                shift, and go to state 165
    lower_word               shift, and go to state 29
    rational                 shift, and go to state 79
    real                     shift, and go to state 80
    single_quoted            shift, and go to state 30
    upper_word               shift, and go to state 81

    thf_unit_formula        go to state 565
    thf_unitary_formula     go to state 408
    thf_quantified_formula  go to state 236
    thf_quantification      go to state 237
    thf_unary_formula       go to state 409
    thf_prefix_unary        go to state 239
    thf_infix_unary         go to state 240
    thf_atomic_formula      go to state 410
    thf_plain_atomic        go to state 242
    thf_defined_atomic      go to state 243
    thf_defined_term        go to state 244
    thf_defined_infix       go to state 411
    thf_system_atomic       go to state 246
    thf_let                 go to state 247
    thf_unitary_term        go to state 248
    thf_tuple               go to state 412
    thf_fof_function        go to state 250
    nhf_long_connective     go to state 260
    ntf_short_connective    go to state 261
    thf_quantifier          go to state 262
    thf_unary_connective    go to state 263
    th0_quantifier          go to state 264
    type_quantifier         go to state 265
    tff_quantifier          go to state 266
    fof_quantifier          go to state 198
    unary_connective        go to state 267
    constant                go to state 385
    functor                 go to state 271
    defined_constant        go to state 386
    defined_functor         go to state 273
    system_constant         go to state 274
    system_functor          go to state 275
    th1_defined_term        go to state 276
    defined_term            go to state 277
    variable                go to state 278
    atomic_word             go to state 120
    atomic_defined_word     go to state 121
    atomic_system_word      go to state 122
    number                  go to state 123


State 404

   42 thf_apply_formula: thf_unit_formula AT_SIGN . thf_unit_formula

    AT_AT_SIGN_MINUS         shift, and go to state 212
    AT_AT_SIGN_PLUS          shift, and go to state 213
    AT_SIGN_EQUALS           shift, and go to state 214
    AT_SIGN_MINUS            shift, and go to state 215
    AT_SIGN_PLUS             shift, and go to state 216
    CARET                    shift, and go to state 217
    EXCLAMATION              shift, and go to state 124
    EXCLAMATION_EXCLAMATION  shift, and go to state 218
    EXCLAMATION_GREATER      shift, and go to state 219
    LBRACE                   shift, and go to state 220
    LBRKT                    shift, and go to state 221
    LPAREN                   shift, and go to state 381
    QUESTION                 shift, and go to state 127
    QUESTION_QUESTION        shift, and go to state 223
    QUESTION_STAR            shift, and go to state 224
    TILDE                    shift, and go to state 128
    _DLR_let                 shift, and go to state 225
    back_quoted              shift, and go to state 27
    distinct_object          shift, and go to state 92
    dollar_dollar_word       shift, and go to state 93
    dollar_word              shift, and go to state 94
    hash                     shift, and go to state 164
    integer                  shift, and go to state 78
    less_sign                shift, and go to state 165
    lower_word               shift, and go to state 29
    rational                 shift, and go to state 79
    real                     shift, and go to state 80
    single_quoted            shift, and go to state 30
    upper_word               shift, and go to state 81

    thf_unit_formula        go to state 566
    thf_unitary_formula     go to state 408
    thf_quantified_formula  go to state 236
    thf_quantification      go to state 237
    thf_unary_formula       go to state 409
    thf_prefix_unary        go to state 239
    thf_infix_unary         go to state 240
    thf_atomic_formula      go to state 410
    thf_plain_atomic        go to state 242
    thf_defined_atomic      go to state 243
    thf_defined_term        go to state 244
    thf_defined_infix       go to state 411
    thf_system_atomic       go to state 246
    thf_let                 go to state 247
    thf_unitary_term        go to state 248
    thf_tuple               go to state 412
    thf_fof_function        go to state 250
    nhf_long_connective     go to state 260
    ntf_short_connective    go to state 261
    thf_quantifier          go to state 262
    thf_unary_connective    go to state 263
    th0_quantifier          go to state 264
    type_quantifier         go to state 265
    tff_quantifier          go to state 266
    fof_quantifier          go to state 198
    unary_connective        go to state 267
    constant                go to state 385
    functor                 go to state 271
    defined_constant        go to state 386
    defined_functor         go to state 273
    system_constant         go to state 274
    system_functor          go to state 275
    th1_defined_term        go to state 276
    defined_term            go to state 277
    variable                go to state 278
    atomic_word             go to state 120
    atomic_defined_word     go to state 121
    atomic_system_word      go to state 122
    number                  go to state 123


State 405

   38 thf_or_formula: thf_unit_formula VLINE . thf_unit_formula

    AT_AT_SIGN_MINUS         shift, and go to state 212
    AT_AT_SIGN_PLUS          shift, and go to state 213
    AT_SIGN_EQUALS           shift, and go to state 214
    AT_SIGN_MINUS            shift, and go to state 215
    AT_SIGN_PLUS             shift, and go to state 216
    CARET                    shift, and go to state 217
    EXCLAMATION              shift, and go to state 124
    EXCLAMATION_EXCLAMATION  shift, and go to state 218
    EXCLAMATION_GREATER      shift, and go to state 219
    LBRACE                   shift, and go to state 220
    LBRKT                    shift, and go to state 221
    LPAREN                   shift, and go to state 381
    QUESTION                 shift, and go to state 127
    QUESTION_QUESTION        shift, and go to state 223
    QUESTION_STAR            shift, and go to state 224
    TILDE                    shift, and go to state 128
    _DLR_let                 shift, and go to state 225
    back_quoted              shift, and go to state 27
    distinct_object          shift, and go to state 92
    dollar_dollar_word       shift, and go to state 93
    dollar_word              shift, and go to state 94
    hash                     shift, and go to state 164
    integer                  shift, and go to state 78
    less_sign                shift, and go to state 165
    lower_word               shift, and go to state 29
    rational                 shift, and go to state 79
    real                     shift, and go to state 80
    single_quoted            shift, and go to state 30
    upper_word               shift, and go to state 81

    thf_unit_formula        go to state 567
    thf_unitary_formula     go to state 408
    thf_quantified_formula  go to state 236
    thf_quantification      go to state 237
    thf_unary_formula       go to state 409
    thf_prefix_unary        go to state 239
    thf_infix_unary         go to state 240
    thf_atomic_formula      go to state 410
    thf_plain_atomic        go to state 242
    thf_defined_atomic      go to state 243
    thf_defined_term        go to state 244
    thf_defined_infix       go to state 411
    thf_system_atomic       go to state 246
    thf_let                 go to state 247
    thf_unitary_term        go to state 248
    thf_tuple               go to state 412
    thf_fof_function        go to state 250
    nhf_long_connective     go to state 260
    ntf_short_connective    go to state 261
    thf_quantifier          go to state 262
    thf_unary_connective    go to state 263
    th0_quantifier          go to state 264
    type_quantifier         go to state 265
    tff_quantifier          go to state 266
    fof_quantifier          go to state 198
    unary_connective        go to state 267
    constant                go to state 385
    functor                 go to state 271
    defined_constant        go to state 386
    defined_functor         go to state 273
    system_constant         go to state 274
    system_functor          go to state 275
    th1_defined_term        go to state 276
    defined_term            go to state 277
    variable                go to state 278
    atomic_word             go to state 120
    atomic_defined_word     go to state 121
    atomic_system_word      go to state 122
    number                  go to state 123


State 406

   34 thf_binary_nonassoc: thf_unit_formula nonassoc_connective . thf_unit_formula

    AT_AT_SIGN_MINUS         shift, and go to state 212
    AT_AT_SIGN_PLUS          shift, and go to state 213
    AT_SIGN_EQUALS           shift, and go to state 214
    AT_SIGN_MINUS            shift, and go to state 215
    AT_SIGN_PLUS             shift, and go to state 216
    CARET                    shift, and go to state 217
    EXCLAMATION              shift, and go to state 124
    EXCLAMATION_EXCLAMATION  shift, and go to state 218
    EXCLAMATION_GREATER      shift, and go to state 219
    LBRACE                   shift, and go to state 220
    LBRKT                    shift, and go to state 221
    LPAREN                   shift, and go to state 381
    QUESTION                 shift, and go to state 127
    QUESTION_QUESTION        shift, and go to state 223
    QUESTION_STAR            shift, and go to state 224
    TILDE                    shift, and go to state 128
    _DLR_let                 shift, and go to state 225
    back_quoted              shift, and go to state 27
    distinct_object          shift, and go to state 92
    dollar_dollar_word       shift, and go to state 93
    dollar_word              shift, and go to state 94
    hash                     shift, and go to state 164
    integer                  shift, and go to state 78
    less_sign                shift, and go to state 165
    lower_word               shift, and go to state 29
    rational                 shift, and go to state 79
    real                     shift, and go to state 80
    single_quoted            shift, and go to state 30
    upper_word               shift, and go to state 81

    thf_unit_formula        go to state 568
    thf_unitary_formula     go to state 408
    thf_quantified_formula  go to state 236
    thf_quantification      go to state 237
    thf_unary_formula       go to state 409
    thf_prefix_unary        go to state 239
    thf_infix_unary         go to state 240
    thf_atomic_formula      go to state 410
    thf_plain_atomic        go to state 242
    thf_defined_atomic      go to state 243
    thf_defined_term        go to state 244
    thf_defined_infix       go to state 411
    thf_system_atomic       go to state 246
    thf_let                 go to state 247
    thf_unitary_term        go to state 248
    thf_tuple               go to state 412
    thf_fof_function        go to state 250
    nhf_long_connective     go to state 260
    ntf_short_connective    go to state 261
    thf_quantifier          go to state 262
    thf_unary_connective    go to state 263
    th0_quantifier          go to state 264
    type_quantifier         go to state 265
    tff_quantifier          go to state 266
    fof_quantifier          go to state 198
    unary_connective        go to state 267
    constant                go to state 385
    functor                 go to state 271
    defined_constant        go to state 386
    defined_functor         go to state 273
    system_constant         go to state 274
    system_functor          go to state 275
    th1_defined_term        go to state 276
    defined_term            go to state 277
    variable                go to state 278
    atomic_word             go to state 120
    atomic_defined_word     go to state 121
    atomic_system_word      go to state 122
    number                  go to state 123


State 407

   53 thf_quantified_formula: thf_quantification thf_unit_formula .

    $default  reduce using rule 53 (thf_quantified_formula)


State 408

   44 thf_unit_formula: thf_unitary_formula .

    $default  reduce using rule 44 (thf_unit_formula)


State 409

   45 thf_unit_formula: thf_unary_formula .

    $default  reduce using rule 45 (thf_unit_formula)


State 410

   50 thf_unitary_formula: thf_atomic_formula .
   87 thf_unitary_term: thf_atomic_formula .

    EQUALS              reduce using rule 87 (thf_unitary_term)
    EXCLAMATION_EQUALS  reduce using rule 87 (thf_unitary_term)
    $default            reduce using rule 50 (thf_unitary_formula)


State 411

   46 thf_unit_formula: thf_defined_infix .

    $default  reduce using rule 46 (thf_unit_formula)


State 412

   67 thf_plain_atomic: thf_tuple .

    $default  reduce using rule 67 (thf_plain_atomic)


State 413

  120 thf_definition: thf_atomic_formula identical . thf_logic_formula

    AT_AT_SIGN_MINUS         shift, and go to state 212
    AT_AT_SIGN_PLUS          shift, and go to state 213
    AT_SIGN_EQUALS           shift, and go to state 214
    AT_SIGN_MINUS            shift, and go to state 215
    AT_SIGN_PLUS             shift, and go to state 216
    CARET                    shift, and go to state 217
    EXCLAMATION              shift, and go to state 124
    EXCLAMATION_EXCLAMATION  shift, and go to state 218
    EXCLAMATION_GREATER      shift, and go to state 219
    LBRACE                   shift, and go to state 220
    LBRKT                    shift, and go to state 221
    LPAREN                   shift, and go to state 381
    QUESTION                 shift, and go to state 127
    QUESTION_QUESTION        shift, and go to state 223
    QUESTION_STAR            shift, and go to state 224
    TILDE                    shift, and go to state 128
    _DLR_let                 shift, and go to state 225
    back_quoted              shift, and go to state 27
    distinct_object          shift, and go to state 92
    dollar_dollar_word       shift, and go to state 93
    dollar_word              shift, and go to state 94
    hash                     shift, and go to state 164
    integer                  shift, and go to state 78
    less_sign                shift, and go to state 165
    lower_word               shift, and go to state 29
    rational                 shift, and go to state 79
    real                     shift, and go to state 80
    single_quoted            shift, and go to state 30
    upper_word               shift, and go to state 81

    thf_logic_formula       go to state 569
    thf_binary_formula      go to state 228
    thf_binary_nonassoc     go to state 229
    thf_binary_assoc        go to state 230
    thf_or_formula          go to state 231
    thf_and_formula         go to state 232
    thf_apply_formula       go to state 233
    thf_unit_formula        go to state 234
    thf_unitary_formula     go to state 235
    thf_quantified_formula  go to state 236
    thf_quantification      go to state 237
    thf_unary_formula       go to state 238
    thf_prefix_unary        go to state 239
    thf_infix_unary         go to state 240
    thf_atomic_formula      go to state 241
    thf_plain_atomic        go to state 242
    thf_defined_atomic      go to state 243
    thf_defined_term        go to state 244
    thf_defined_infix       go to state 245
    thf_system_atomic       go to state 246
    thf_let                 go to state 247
    thf_unitary_term        go to state 248
    thf_tuple               go to state 249
    thf_fof_function        go to state 250
    thf_unitary_type        go to state 252
    thf_binary_type         go to state 253
    thf_mapping_type        go to state 254
    thf_xprod_type          go to state 255
    thf_union_type          go to state 256
    thf_definition          go to state 258
    thf_sequent             go to state 259
    nhf_long_connective     go to state 260
    ntf_short_connective    go to state 261
    thf_quantifier          go to state 262
    thf_unary_connective    go to state 263
    th0_quantifier          go to state 264
    type_quantifier         go to state 265
    tff_quantifier          go to state 266
    fof_quantifier          go to state 198
    unary_connective        go to state 267
    constant                go to state 385
    functor                 go to state 271
    defined_constant        go to state 386
    defined_functor         go to state 273
    system_constant         go to state 274
    system_functor          go to state 275
    th1_defined_term        go to state 276
    defined_term            go to state 277
    variable                go to state 278
    atomic_word             go to state 120
    atomic_defined_word     go to state 121
    atomic_system_word      go to state 122
    number                  go to state 123


State 414

   75 thf_defined_infix: thf_unitary_term defined_infix_pred . thf_unitary_term

    AT_AT_SIGN_MINUS         shift, and go to state 212
    AT_AT_SIGN_PLUS          shift, and go to state 213
    AT_SIGN_EQUALS           shift, and go to state 214
    EXCLAMATION_EXCLAMATION  shift, and go to state 218
    LBRACE                   shift, and go to state 570
    LBRKT                    shift, and go to state 571
    LPAREN                   shift, and go to state 572
    QUESTION_QUESTION        shift, and go to state 223
    _DLR_let                 shift, and go to state 225
    back_quoted              shift, and go to state 27
    distinct_object          shift, and go to state 92
    dollar_dollar_word       shift, and go to state 93
    dollar_word              shift, and go to state 94
    integer                  shift, and go to state 78
    lower_word               shift, and go to state 29
    rational                 shift, and go to state 79
    real                     shift, and go to state 80
    single_quoted            shift, and go to state 30
    upper_word               shift, and go to state 81

    thf_atomic_formula   go to state 573
    thf_plain_atomic     go to state 242
    thf_defined_atomic   go to state 243
    thf_defined_term     go to state 244
    thf_system_atomic    go to state 246
    thf_let              go to state 247
    thf_unitary_term     go to state 574
    thf_tuple            go to state 412
    thf_fof_function     go to state 250
    nhf_long_connective  go to state 260
    constant             go to state 385
    functor              go to state 271
    defined_constant     go to state 386
    defined_functor      go to state 273
    system_constant      go to state 274
    system_functor       go to state 275
    th1_defined_term     go to state 276
    defined_term         go to state 277
    variable             go to state 575
    atomic_word          go to state 120
    atomic_defined_word  go to state 121
    atomic_system_word   go to state 122
    number               go to state 123


State 415

   61 thf_infix_unary: thf_unitary_term infix_inequality . thf_unitary_term

    AT_AT_SIGN_MINUS         shift, and go to state 212
    AT_AT_SIGN_PLUS          shift, and go to state 213
    AT_SIGN_EQUALS           shift, and go to state 214
    EXCLAMATION_EXCLAMATION  shift, and go to state 218
    LBRACE                   shift, and go to state 570
    LBRKT                    shift, and go to state 571
    LPAREN                   shift, and go to state 572
    QUESTION_QUESTION        shift, and go to state 223
    _DLR_let                 shift, and go to state 225
    back_quoted              shift, and go to state 27
    distinct_object          shift, and go to state 92
    dollar_dollar_word       shift, and go to state 93
    dollar_word              shift, and go to state 94
    integer                  shift, and go to state 78
    lower_word               shift, and go to state 29
    rational                 shift, and go to state 79
    real                     shift, and go to state 80
    single_quoted            shift, and go to state 30
    upper_word               shift, and go to state 81

    thf_atomic_formula   go to state 573
    thf_plain_atomic     go to state 242
    thf_defined_atomic   go to state 243
    thf_defined_term     go to state 244
    thf_system_atomic    go to state 246
    thf_let              go to state 247
    thf_unitary_term     go to state 576
    thf_tuple            go to state 412
    thf_fof_function     go to state 250
    nhf_long_connective  go to state 260
    constant             go to state 385
    functor              go to state 271
    defined_constant     go to state 386
    defined_functor      go to state 273
    system_constant      go to state 274
    system_functor       go to state 275
    th1_defined_term     go to state 276
    defined_term         go to state 277
    variable             go to state 575
    atomic_word          go to state 120
    atomic_defined_word  go to state 121
    atomic_system_word   go to state 122
    number               go to state 123


State 416

  121 thf_sequent: thf_tuple gentzen_arrow . thf_tuple

    LBRKT  shift, and go to state 571

    thf_tuple  go to state 577


State 417

  115 thf_xprod_type: thf_unitary_type STAR . thf_unitary_type

    AT_AT_SIGN_MINUS         shift, and go to state 212
    AT_AT_SIGN_PLUS          shift, and go to state 213
    AT_SIGN_EQUALS           shift, and go to state 214
    AT_SIGN_MINUS            shift, and go to state 215
    AT_SIGN_PLUS             shift, and go to state 216
    CARET                    shift, and go to state 217
    EXCLAMATION              shift, and go to state 124
    EXCLAMATION_EXCLAMATION  shift, and go to state 218
    EXCLAMATION_GREATER      shift, and go to state 219
    LBRACE                   shift, and go to state 570
    LBRKT                    shift, and go to state 571
    LPAREN                   shift, and go to state 578
    QUESTION                 shift, and go to state 127
    QUESTION_QUESTION        shift, and go to state 223
    QUESTION_STAR            shift, and go to state 224
    _DLR_let                 shift, and go to state 225
    back_quoted              shift, and go to state 27
    distinct_object          shift, and go to state 92
    dollar_dollar_word       shift, and go to state 93
    dollar_word              shift, and go to state 94
    hash                     shift, and go to state 164
    integer                  shift, and go to state 78
    lower_word               shift, and go to state 29
    rational                 shift, and go to state 79
    real                     shift, and go to state 80
    single_quoted            shift, and go to state 30
    upper_word               shift, and go to state 81

    thf_unitary_formula     go to state 579
    thf_quantified_formula  go to state 236
    thf_quantification      go to state 237
    thf_atomic_formula      go to state 427
    thf_plain_atomic        go to state 242
    thf_defined_atomic      go to state 243
    thf_defined_term        go to state 244
    thf_system_atomic       go to state 246
    thf_let                 go to state 247
    thf_tuple               go to state 412
    thf_fof_function        go to state 250
    thf_unitary_type        go to state 580
    nhf_long_connective     go to state 260
    thf_quantifier          go to state 262
    th0_quantifier          go to state 264
    type_quantifier         go to state 265
    tff_quantifier          go to state 266
    fof_quantifier          go to state 198
    constant                go to state 385
    functor                 go to state 271
    defined_constant        go to state 386
    defined_functor         go to state 273
    system_constant         go to state 274
    system_functor          go to state 275
    th1_defined_term        go to state 276
    defined_term            go to state 277
    variable                go to state 428
    atomic_word             go to state 120
    atomic_defined_word     go to state 121
    atomic_system_word      go to state 122
    number                  go to state 123


State 418

  113 thf_mapping_type: thf_unitary_type arrow . thf_unitary_type
  114                 | thf_unitary_type arrow . thf_mapping_type

    AT_AT_SIGN_MINUS         shift, and go to state 212
    AT_AT_SIGN_PLUS          shift, and go to state 213
    AT_SIGN_EQUALS           shift, and go to state 214
    AT_SIGN_MINUS            shift, and go to state 215
    AT_SIGN_PLUS             shift, and go to state 216
    CARET                    shift, and go to state 217
    EXCLAMATION              shift, and go to state 124
    EXCLAMATION_EXCLAMATION  shift, and go to state 218
    EXCLAMATION_GREATER      shift, and go to state 219
    LBRACE                   shift, and go to state 570
    LBRKT                    shift, and go to state 571
    LPAREN                   shift, and go to state 578
    QUESTION                 shift, and go to state 127
    QUESTION_QUESTION        shift, and go to state 223
    QUESTION_STAR            shift, and go to state 224
    _DLR_let                 shift, and go to state 225
    back_quoted              shift, and go to state 27
    distinct_object          shift, and go to state 92
    dollar_dollar_word       shift, and go to state 93
    dollar_word              shift, and go to state 94
    hash                     shift, and go to state 164
    integer                  shift, and go to state 78
    lower_word               shift, and go to state 29
    rational                 shift, and go to state 79
    real                     shift, and go to state 80
    single_quoted            shift, and go to state 30
    upper_word               shift, and go to state 81

    thf_unitary_formula     go to state 579
    thf_quantified_formula  go to state 236
    thf_quantification      go to state 237
    thf_atomic_formula      go to state 427
    thf_plain_atomic        go to state 242
    thf_defined_atomic      go to state 243
    thf_defined_term        go to state 244
    thf_system_atomic       go to state 246
    thf_let                 go to state 247
    thf_tuple               go to state 412
    thf_fof_function        go to state 250
    thf_unitary_type        go to state 581
    thf_mapping_type        go to state 582
    nhf_long_connective     go to state 260
    thf_quantifier          go to state 262
    th0_quantifier          go to state 264
    type_quantifier         go to state 265
    tff_quantifier          go to state 266
    fof_quantifier          go to state 198
    constant                go to state 385
    functor                 go to state 271
    defined_constant        go to state 386
    defined_functor         go to state 273
    system_constant         go to state 274
    system_functor          go to state 275
    th1_defined_term        go to state 276
    defined_term            go to state 277
    variable                go to state 428
    atomic_word             go to state 120
    atomic_defined_word     go to state 121
    atomic_system_word      go to state 122
    number                  go to state 123


State 419

  117 thf_union_type: thf_unitary_type plus . thf_unitary_type

    AT_AT_SIGN_MINUS         shift, and go to state 212
    AT_AT_SIGN_PLUS          shift, and go to state 213
    AT_SIGN_EQUALS           shift, and go to state 214
    AT_SIGN_MINUS            shift, and go to state 215
    AT_SIGN_PLUS             shift, and go to state 216
    CARET                    shift, and go to state 217
    EXCLAMATION              shift, and go to state 124
    EXCLAMATION_EXCLAMATION  shift, and go to state 218
    EXCLAMATION_GREATER      shift, and go to state 219
    LBRACE                   shift, and go to state 570
    LBRKT                    shift, and go to state 571
    LPAREN                   shift, and go to state 578
    QUESTION                 shift, and go to state 127
    QUESTION_QUESTION        shift, and go to state 223
    QUESTION_STAR            shift, and go to state 224
    _DLR_let                 shift, and go to state 225
    back_quoted              shift, and go to state 27
    distinct_object          shift, and go to state 92
    dollar_dollar_word       shift, and go to state 93
    dollar_word              shift, and go to state 94
    hash                     shift, and go to state 164
    integer                  shift, and go to state 78
    lower_word               shift, and go to state 29
    rational                 shift, and go to state 79
    real                     shift, and go to state 80
    single_quoted            shift, and go to state 30
    upper_word               shift, and go to state 81

    thf_unitary_formula     go to state 579
    thf_quantified_formula  go to state 236
    thf_quantification      go to state 237
    thf_atomic_formula      go to state 427
    thf_plain_atomic        go to state 242
    thf_defined_atomic      go to state 243
    thf_defined_term        go to state 244
    thf_system_atomic       go to state 246
    thf_let                 go to state 247
    thf_tuple               go to state 412
    thf_fof_function        go to state 250
    thf_unitary_type        go to state 583
    nhf_long_connective     go to state 260
    thf_quantifier          go to state 262
    th0_quantifier          go to state 264
    type_quantifier         go to state 265
    tff_quantifier          go to state 266
    fof_quantifier          go to state 198
    constant                go to state 385
    functor                 go to state 271
    defined_constant        go to state 386
    defined_functor         go to state 273
    system_constant         go to state 274
    system_functor          go to state 275
    th1_defined_term        go to state 276
    defined_term            go to state 277
    variable                go to state 428
    atomic_word             go to state 120
    atomic_defined_word     go to state 121
    atomic_system_word      go to state 122
    number                  go to state 123


State 420

  116 thf_xprod_type: thf_xprod_type STAR . thf_unitary_type

    AT_AT_SIGN_MINUS         shift, and go to state 212
    AT_AT_SIGN_PLUS          shift, and go to state 213
    AT_SIGN_EQUALS           shift, and go to state 214
    AT_SIGN_MINUS            shift, and go to state 215
    AT_SIGN_PLUS             shift, and go to state 216
    CARET                    shift, and go to state 217
    EXCLAMATION              shift, and go to state 124
    EXCLAMATION_EXCLAMATION  shift, and go to state 218
    EXCLAMATION_GREATER      shift, and go to state 219
    LBRACE                   shift, and go to state 570
    LBRKT                    shift, and go to state 571
    LPAREN                   shift, and go to state 578
    QUESTION                 shift, and go to state 127
    QUESTION_QUESTION        shift, and go to state 223
    QUESTION_STAR            shift, and go to state 224
    _DLR_let                 shift, and go to state 225
    back_quoted              shift, and go to state 27
    distinct_object          shift, and go to state 92
    dollar_dollar_word       shift, and go to state 93
    dollar_word              shift, and go to state 94
    hash                     shift, and go to state 164
    integer                  shift, and go to state 78
    lower_word               shift, and go to state 29
    rational                 shift, and go to state 79
    real                     shift, and go to state 80
    single_quoted            shift, and go to state 30
    upper_word               shift, and go to state 81

    thf_unitary_formula     go to state 579
    thf_quantified_formula  go to state 236
    thf_quantification      go to state 237
    thf_atomic_formula      go to state 427
    thf_plain_atomic        go to state 242
    thf_defined_atomic      go to state 243
    thf_defined_term        go to state 244
    thf_system_atomic       go to state 246
    thf_let                 go to state 247
    thf_tuple               go to state 412
    thf_fof_function        go to state 250
    thf_unitary_type        go to state 584
    nhf_long_connective     go to state 260
    thf_quantifier          go to state 262
    th0_quantifier          go to state 264
    type_quantifier         go to state 265
    tff_quantifier          go to state 266
    fof_quantifier          go to state 198
    constant                go to state 385
    functor                 go to state 271
    defined_constant        go to state 386
    defined_functor         go to state 273
    system_constant         go to state 274
    system_functor          go to state 275
    th1_defined_term        go to state 276
    defined_term            go to state 277
    variable                go to state 428
    atomic_word             go to state 120
    atomic_defined_word     go to state 121
    atomic_system_word      go to state 122
    number                  go to state 123


State 421

  118 thf_union_type: thf_union_type plus . thf_unitary_type

    AT_AT_SIGN_MINUS         shift, and go to state 212
    AT_AT_SIGN_PLUS          shift, and go to state 213
    AT_SIGN_EQUALS           shift, and go to state 214
    AT_SIGN_MINUS            shift, and go to state 215
    AT_SIGN_PLUS             shift, and go to state 216
    CARET                    shift, and go to state 217
    EXCLAMATION              shift, and go to state 124
    EXCLAMATION_EXCLAMATION  shift, and go to state 218
    EXCLAMATION_GREATER      shift, and go to state 219
    LBRACE                   shift, and go to state 570
    LBRKT                    shift, and go to state 571
    LPAREN                   shift, and go to state 578
    QUESTION                 shift, and go to state 127
    QUESTION_QUESTION        shift, and go to state 223
    QUESTION_STAR            shift, and go to state 224
    _DLR_let                 shift, and go to state 225
    back_quoted              shift, and go to state 27
    distinct_object          shift, and go to state 92
    dollar_dollar_word       shift, and go to state 93
    dollar_word              shift, and go to state 94
    hash                     shift, and go to state 164
    integer                  shift, and go to state 78
    lower_word               shift, and go to state 29
    rational                 shift, and go to state 79
    real                     shift, and go to state 80
    single_quoted            shift, and go to state 30
    upper_word               shift, and go to state 81

    thf_unitary_formula     go to state 579
    thf_quantified_formula  go to state 236
    thf_quantification      go to state 237
    thf_atomic_formula      go to state 427
    thf_plain_atomic        go to state 242
    thf_defined_atomic      go to state 243
    thf_defined_term        go to state 244
    thf_system_atomic       go to state 246
    thf_let                 go to state 247
    thf_tuple               go to state 412
    thf_fof_function        go to state 250
    thf_unitary_type        go to state 585
    nhf_long_connective     go to state 260
    thf_quantifier          go to state 262
    th0_quantifier          go to state 264
    type_quantifier         go to state 265
    tff_quantifier          go to state 266
    fof_quantifier          go to state 198
    constant                go to state 385
    functor                 go to state 271
    defined_constant        go to state 386
    defined_functor         go to state 273
    system_constant         go to state 274
    system_functor          go to state 275
    th1_defined_term        go to state 276
    defined_term            go to state 277
    variable                go to state 428
    atomic_word             go to state 120
    atomic_defined_word     go to state 121
    atomic_system_word      go to state 122
    number                  go to state 123


State 422

   54 thf_quantification: thf_quantifier LBRKT . thf_variable_list RBRKT COLON

    upper_word  shift, and go to state 81

    thf_variable_list   go to state 586
    thf_typed_variable  go to state 587
    variable            go to state 588


State 423

   52 thf_unitary_formula: LPAREN . thf_logic_formula RPAREN
   70 thf_defined_atomic: LPAREN . thf_conn_term RPAREN
  249 ntf_short_connective: LPAREN . PERIOD RPAREN

    AMPERSAND                shift, and go to state 387
    AT_AT_SIGN_MINUS         shift, and go to state 212
    AT_AT_SIGN_PLUS          shift, and go to state 213
    AT_SIGN_EQUALS           shift, and go to state 214
    AT_SIGN_MINUS            shift, and go to state 215
    AT_SIGN_PLUS             shift, and go to state 216
    CARET                    shift, and go to state 217
    EQUALS                   shift, and go to state 295
    EQUALS_GREATER           shift, and go to state 317
    EXCLAMATION              shift, and go to state 124
    EXCLAMATION_EQUALS       shift, and go to state 296
    EXCLAMATION_EXCLAMATION  shift, and go to state 218
    EXCLAMATION_GREATER      shift, and go to state 219
    LBRACE                   shift, and go to state 220
    LBRKT                    shift, and go to state 221
    LESS_EQUALS              shift, and go to state 318
    LESS_EQUALS_GREATER      shift, and go to state 319
    LESS_TILDE_GREATER       shift, and go to state 320
    LPAREN                   shift, and go to state 381
    PERIOD                   shift, and go to state 351
    QUESTION                 shift, and go to state 127
    QUESTION_QUESTION        shift, and go to state 223
    QUESTION_STAR            shift, and go to state 224
    TILDE                    shift, and go to state 128
    TILDE_AMPERSAND          shift, and go to state 321
    TILDE_VLINE              shift, and go to state 322
    VLINE                    shift, and go to state 388
    _DLR_let                 shift, and go to state 225
    back_quoted              shift, and go to state 27
    distinct_object          shift, and go to state 92
    dollar_dollar_word       shift, and go to state 93
    dollar_word              shift, and go to state 94
    hash                     shift, and go to state 164
    integer                  shift, and go to state 78
    less_sign                shift, and go to state 165
    lower_word               shift, and go to state 29
    rational                 shift, and go to state 79
    real                     shift, and go to state 80
    single_quoted            shift, and go to state 30
    upper_word               shift, and go to state 81

    thf_logic_formula       go to state 589
    thf_binary_formula      go to state 228
    thf_binary_nonassoc     go to state 229
    thf_binary_assoc        go to state 230
    thf_or_formula          go to state 231
    thf_and_formula         go to state 232
    thf_apply_formula       go to state 233
    thf_unit_formula        go to state 234
    thf_unitary_formula     go to state 235
    thf_quantified_formula  go to state 236
    thf_quantification      go to state 237
    thf_unary_formula       go to state 238
    thf_prefix_unary        go to state 239
    thf_infix_unary         go to state 240
    thf_atomic_formula      go to state 241
    thf_plain_atomic        go to state 242
    thf_defined_atomic      go to state 243
    thf_defined_term        go to state 244
    thf_defined_infix       go to state 245
    thf_system_atomic       go to state 246
    thf_let                 go to state 247
    thf_unitary_term        go to state 248
    thf_conn_term           go to state 390
    thf_tuple               go to state 249
    thf_fof_function        go to state 250
    thf_unitary_type        go to state 252
    thf_binary_type         go to state 253
    thf_mapping_type        go to state 254
    thf_xprod_type          go to state 255
    thf_union_type          go to state 256
    thf_definition          go to state 258
    thf_sequent             go to state 259
    nhf_long_connective     go to state 260
    ntf_short_connective    go to state 261
    thf_quantifier          go to state 262
    thf_unary_connective    go to state 392
    th0_quantifier          go to state 264
    type_quantifier         go to state 265
    tff_quantifier          go to state 266
    fof_quantifier          go to state 198
    nonassoc_connective     go to state 393
    assoc_connective        go to state 394
    unary_connective        go to state 267
    infix_equality          go to state 396
    infix_inequality        go to state 397
    constant                go to state 385
    functor                 go to state 271
    defined_constant        go to state 386
    defined_functor         go to state 273
    system_constant         go to state 274
    system_functor          go to state 275
    th1_defined_term        go to state 276
    defined_term            go to state 277
    variable                go to state 278
    atomic_word             go to state 120
    atomic_defined_word     go to state 121
    atomic_system_word      go to state 122
    number                  go to state 123


State 424

   60 thf_prefix_unary: thf_unary_connective thf_preunit_formula .

    $default  reduce using rule 60 (thf_prefix_unary)


State 425

   47 thf_preunit_formula: thf_unitary_formula .

    $default  reduce using rule 47 (thf_preunit_formula)


State 426

   48 thf_preunit_formula: thf_prefix_unary .

    $default  reduce using rule 48 (thf_preunit_formula)


State 427

   50 thf_unitary_formula: thf_atomic_formula .

    $default  reduce using rule 50 (thf_unitary_formula)


State 428

   51 thf_unitary_formula: variable .

    $default  reduce using rule 51 (thf_unitary_formula)


State 429

  103 thf_atom_typing: typeable_atom COLON . thf_top_level_type

    AT_AT_SIGN_MINUS         shift, and go to state 212
    AT_AT_SIGN_PLUS          shift, and go to state 213
    AT_SIGN_EQUALS           shift, and go to state 214
    AT_SIGN_MINUS            shift, and go to state 215
    AT_SIGN_PLUS             shift, and go to state 216
    CARET                    shift, and go to state 217
    EXCLAMATION              shift, and go to state 124
    EXCLAMATION_EXCLAMATION  shift, and go to state 218
    EXCLAMATION_GREATER      shift, and go to state 219
    LBRACE                   shift, and go to state 220
    LBRKT                    shift, and go to state 221
    LPAREN                   shift, and go to state 381
    QUESTION                 shift, and go to state 127
    QUESTION_QUESTION        shift, and go to state 223
    QUESTION_STAR            shift, and go to state 224
    TILDE                    shift, and go to state 128
    _DLR_let                 shift, and go to state 225
    back_quoted              shift, and go to state 27
    distinct_object          shift, and go to state 92
    dollar_dollar_word       shift, and go to state 93
    dollar_word              shift, and go to state 94
    hash                     shift, and go to state 164
    integer                  shift, and go to state 78
    less_sign                shift, and go to state 165
    lower_word               shift, and go to state 29
    rational                 shift, and go to state 79
    real                     shift, and go to state 80
    single_quoted            shift, and go to state 30
    upper_word               shift, and go to state 81

    thf_apply_formula       go to state 590
    thf_unit_formula        go to state 591
    thf_unitary_formula     go to state 592
    thf_quantified_formula  go to state 236
    thf_quantification      go to state 237
    thf_unary_formula       go to state 409
    thf_prefix_unary        go to state 239
    thf_infix_unary         go to state 240
    thf_atomic_formula      go to state 410
    thf_plain_atomic        go to state 242
    thf_defined_atomic      go to state 243
    thf_defined_term        go to state 244
    thf_defined_infix       go to state 411
    thf_system_atomic       go to state 246
    thf_let                 go to state 247
    thf_unitary_term        go to state 248
    thf_tuple               go to state 412
    thf_fof_function        go to state 250
    thf_top_level_type      go to state 593
    thf_unitary_type        go to state 594
    thf_apply_type          go to state 595
    thf_mapping_type        go to state 596
    nhf_long_connective     go to state 260
    ntf_short_connective    go to state 261
    thf_quantifier          go to state 262
    thf_unary_connective    go to state 263
    th0_quantifier          go to state 264
    type_quantifier         go to state 265
    tff_quantifier          go to state 266
    fof_quantifier          go to state 198
    unary_connective        go to state 267
    constant                go to state 385
    functor                 go to state 271
    defined_constant        go to state 386
    defined_functor         go to state 273
    system_constant         go to state 274
    system_functor          go to state 275
    th1_defined_term        go to state 276
    defined_term            go to state 277
    variable                go to state 278
    atomic_word             go to state 120
    atomic_defined_word     go to state 121
    atomic_system_word      go to state 122
    number                  go to state 123


State 430

  119 thf_subtype: atomic_type subtype_sign . atomic_type

    back_quoted         shift, and go to state 27
    distinct_object     shift, and go to state 513
    dollar_dollar_word  shift, and go to state 93
    dollar_word         shift, and go to state 94
    lower_word          shift, and go to state 29
    single_quoted       shift, and go to state 30

    typeable_atom        go to state 542
    atomic_type          go to state 597
    system_type          go to state 202
    constant             go to state 516
    functor              go to state 517
    defined_constant     go to state 544
    defined_functor      go to state 545
    atomic_word          go to state 120
    atomic_defined_word  go to state 121
    atomic_system_word   go to state 546


State 431

   99 thf_fof_function: functor LPAREN . thf_arguments RPAREN

    AT_AT_SIGN_MINUS         shift, and go to state 212
    AT_AT_SIGN_PLUS          shift, and go to state 213
    AT_SIGN_EQUALS           shift, and go to state 214
    AT_SIGN_MINUS            shift, and go to state 215
    AT_SIGN_PLUS             shift, and go to state 216
    CARET                    shift, and go to state 217
    EXCLAMATION              shift, and go to state 124
    EXCLAMATION_EXCLAMATION  shift, and go to state 218
    EXCLAMATION_GREATER      shift, and go to state 219
    LBRACE                   shift, and go to state 220
    LBRKT                    shift, and go to state 221
    LPAREN                   shift, and go to state 381
    QUESTION                 shift, and go to state 127
    QUESTION_QUESTION        shift, and go to state 223
    QUESTION_STAR            shift, and go to state 224
    TILDE                    shift, and go to state 128
    _DLR_let                 shift, and go to state 225
    back_quoted              shift, and go to state 27
    distinct_object          shift, and go to state 92
    dollar_dollar_word       shift, and go to state 93
    dollar_word              shift, and go to state 94
    hash                     shift, and go to state 164
    integer                  shift, and go to state 78
    less_sign                shift, and go to state 165
    lower_word               shift, and go to state 29
    rational                 shift, and go to state 79
    real                     shift, and go to state 80
    single_quoted            shift, and go to state 30
    upper_word               shift, and go to state 81

    thf_logic_formula       go to state 383
    thf_binary_formula      go to state 228
    thf_binary_nonassoc     go to state 229
    thf_binary_assoc        go to state 230
    thf_or_formula          go to state 231
    thf_and_formula         go to state 232
    thf_apply_formula       go to state 233
    thf_unit_formula        go to state 234
    thf_unitary_formula     go to state 235
    thf_quantified_formula  go to state 236
    thf_quantification      go to state 237
    thf_unary_formula       go to state 238
    thf_prefix_unary        go to state 239
    thf_infix_unary         go to state 240
    thf_atomic_formula      go to state 241
    thf_plain_atomic        go to state 242
    thf_defined_atomic      go to state 243
    thf_defined_term        go to state 244
    thf_defined_infix       go to state 245
    thf_system_atomic       go to state 246
    thf_let                 go to state 247
    thf_unitary_term        go to state 248
    thf_tuple               go to state 249
    thf_fof_function        go to state 250
    thf_arguments           go to state 598
    thf_formula_list        go to state 599
    thf_unitary_type        go to state 252
    thf_binary_type         go to state 253
    thf_mapping_type        go to state 254
    thf_xprod_type          go to state 255
    thf_union_type          go to state 256
    thf_definition          go to state 258
    thf_sequent             go to state 259
    nhf_long_connective     go to state 260
    ntf_short_connective    go to state 261
    thf_quantifier          go to state 262
    thf_unary_connective    go to state 263
    th0_quantifier          go to state 264
    type_quantifier         go to state 265
    tff_quantifier          go to state 266
    fof_quantifier          go to state 198
    unary_connective        go to state 267
    constant                go to state 385
    functor                 go to state 271
    defined_constant        go to state 386
    defined_functor         go to state 273
    system_constant         go to state 274
    system_functor          go to state 275
    th1_defined_term        go to state 276
    defined_term            go to state 277
    variable                go to state 278
    atomic_word             go to state 120
    atomic_defined_word     go to state 121
    atomic_system_word      go to state 122
    number                  go to state 123


State 432

   97 thf_fof_function: defined_functor LPAREN . thf_arguments RPAREN

    AT_AT_SIGN_MINUS         shift, and go to state 212
    AT_AT_SIGN_PLUS          shift, and go to state 213
    AT_SIGN_EQUALS           shift, and go to state 214
    AT_SIGN_MINUS            shift, and go to state 215
    AT_SIGN_PLUS             shift, and go to state 216
    CARET                    shift, and go to state 217
    EXCLAMATION              shift, and go to state 124
    EXCLAMATION_EXCLAMATION  shift, and go to state 218
    EXCLAMATION_GREATER      shift, and go to state 219
    LBRACE                   shift, and go to state 220
    LBRKT                    shift, and go to state 221
    LPAREN                   shift, and go to state 381
    QUESTION                 shift, and go to state 127
    QUESTION_QUESTION        shift, and go to state 223
    QUESTION_STAR            shift, and go to state 224
    TILDE                    shift, and go to state 128
    _DLR_let                 shift, and go to state 225
    back_quoted              shift, and go to state 27
    distinct_object          shift, and go to state 92
    dollar_dollar_word       shift, and go to state 93
    dollar_word              shift, and go to state 94
    hash                     shift, and go to state 164
    integer                  shift, and go to state 78
    less_sign                shift, and go to state 165
    lower_word               shift, and go to state 29
    rational                 shift, and go to state 79
    real                     shift, and go to state 80
    single_quoted            shift, and go to state 30
    upper_word               shift, and go to state 81

    thf_logic_formula       go to state 383
    thf_binary_formula      go to state 228
    thf_binary_nonassoc     go to state 229
    thf_binary_assoc        go to state 230
    thf_or_formula          go to state 231
    thf_and_formula         go to state 232
    thf_apply_formula       go to state 233
    thf_unit_formula        go to state 234
    thf_unitary_formula     go to state 235
    thf_quantified_formula  go to state 236
    thf_quantification      go to state 237
    thf_unary_formula       go to state 238
    thf_prefix_unary        go to state 239
    thf_infix_unary         go to state 240
    thf_atomic_formula      go to state 241
    thf_plain_atomic        go to state 242
    thf_defined_atomic      go to state 243
    thf_defined_term        go to state 244
    thf_defined_infix       go to state 245
    thf_system_atomic       go to state 246
    thf_let                 go to state 247
    thf_unitary_term        go to state 248
    thf_tuple               go to state 249
    thf_fof_function        go to state 250
    thf_arguments           go to state 600
    thf_formula_list        go to state 599
    thf_unitary_type        go to state 252
    thf_binary_type         go to state 253
    thf_mapping_type        go to state 254
    thf_xprod_type          go to state 255
    thf_union_type          go to state 256
    thf_definition          go to state 258
    thf_sequent             go to state 259
    nhf_long_connective     go to state 260
    ntf_short_connective    go to state 261
    thf_quantifier          go to state 262
    thf_unary_connective    go to state 263
    th0_quantifier          go to state 264
    type_quantifier         go to state 265
    tff_quantifier          go to state 266
    fof_quantifier          go to state 198
    unary_connective        go to state 267
    constant                go to state 385
    functor                 go to state 271
    defined_constant        go to state 386
    defined_functor         go to state 273
    system_constant         go to state 274
    system_functor          go to state 275
    th1_defined_term        go to state 276
    defined_term            go to state 277
    variable                go to state 278
    atomic_word             go to state 120
    atomic_defined_word     go to state 121
    atomic_system_word      go to state 122
    number                  go to state 123


State 433

   98 thf_fof_function: system_functor LPAREN . thf_arguments RPAREN

    AT_AT_SIGN_MINUS         shift, and go to state 212
    AT_AT_SIGN_PLUS          shift, and go to state 213
    AT_SIGN_EQUALS           shift, and go to state 214
    AT_SIGN_MINUS            shift, and go to state 215
    AT_SIGN_PLUS             shift, and go to state 216
    CARET                    shift, and go to state 217
    EXCLAMATION              shift, and go to state 124
    EXCLAMATION_EXCLAMATION  shift, and go to state 218
    EXCLAMATION_GREATER      shift, and go to state 219
    LBRACE                   shift, and go to state 220
    LBRKT                    shift, and go to state 221
    LPAREN                   shift, and go to state 381
    QUESTION                 shift, and go to state 127
    QUESTION_QUESTION        shift, and go to state 223
    QUESTION_STAR            shift, and go to state 224
    TILDE                    shift, and go to state 128
    _DLR_let                 shift, and go to state 225
    back_quoted              shift, and go to state 27
    distinct_object          shift, and go to state 92
    dollar_dollar_word       shift, and go to state 93
    dollar_word              shift, and go to state 94
    hash                     shift, and go to state 164
    integer                  shift, and go to state 78
    less_sign                shift, and go to state 165
    lower_word               shift, and go to state 29
    rational                 shift, and go to state 79
    real                     shift, and go to state 80
    single_quoted            shift, and go to state 30
    upper_word               shift, and go to state 81

    thf_logic_formula       go to state 383
    thf_binary_formula      go to state 228
    thf_binary_nonassoc     go to state 229
    thf_binary_assoc        go to state 230
    thf_or_formula          go to state 231
    thf_and_formula         go to state 232
    thf_apply_formula       go to state 233
    thf_unit_formula        go to state 234
    thf_unitary_formula     go to state 235
    thf_quantified_formula  go to state 236
    thf_quantification      go to state 237
    thf_unary_formula       go to state 238
    thf_prefix_unary        go to state 239
    thf_infix_unary         go to state 240
    thf_atomic_formula      go to state 241
    thf_plain_atomic        go to state 242
    thf_defined_atomic      go to state 243
    thf_defined_term        go to state 244
    thf_defined_infix       go to state 245
    thf_system_atomic       go to state 246
    thf_let                 go to state 247
    thf_unitary_term        go to state 248
    thf_tuple               go to state 249
    thf_fof_function        go to state 250
    thf_arguments           go to state 601
    thf_formula_list        go to state 599
    thf_unitary_type        go to state 252
    thf_binary_type         go to state 253
    thf_mapping_type        go to state 254
    thf_xprod_type          go to state 255
    thf_union_type          go to state 256
    thf_definition          go to state 258
    thf_sequent             go to state 259
    nhf_long_connective     go to state 260
    ntf_short_connective    go to state 261
    thf_quantifier          go to state 262
    thf_unary_connective    go to state 263
    th0_quantifier          go to state 264
    type_quantifier         go to state 265
    tff_quantifier          go to state 266
    fof_quantifier          go to state 198
    unary_connective        go to state 267
    constant                go to state 385
    functor                 go to state 271
    defined_constant        go to state 386
    defined_functor         go to state 273
    system_constant         go to state 274
    system_functor          go to state 275
    th1_defined_term        go to state 276
    defined_term            go to state 277
    variable                go to state 278
    atomic_word             go to state 120
    atomic_defined_word     go to state 121
    atomic_system_word      go to state 122
    number                  go to state 123


State 434

   11 tpi_annotated: _LIT_tpi LPAREN name COMMA formula_role COMMA tpi_formula annotations . RPAREN PERIOD

    RPAREN  shift, and go to state 602


State 435

  427 general_terms: general_term COMMA . general_terms

    LBRKT            shift, and go to state 71
    _DLR_cnf         shift, and go to state 72
    _DLR_fof         shift, and go to state 73
    _DLR_fot         shift, and go to state 74
    _DLR_tff         shift, and go to state 75
    _DLR_thf         shift, and go to state 76
    back_quoted      shift, and go to state 27
    distinct_object  shift, and go to state 77
    integer          shift, and go to state 78
    lower_word       shift, and go to state 29
    rational         shift, and go to state 79
    real             shift, and go to state 80
    single_quoted    shift, and go to state 30
    upper_word       shift, and go to state 81

    variable          go to state 82
    general_term      go to state 282
    general_data      go to state 84
    general_function  go to state 85
    formula_data      go to state 86
    general_list      go to state 87
    general_terms     go to state 603
    atomic_word       go to state 88
    number            go to state 89


State 436

  425 general_list: LBRKT general_terms RBRKT .

    $default  reduce using rule 425 (general_list)


State 437

  422 formula_data: _DLR_cnf LPAREN cnf_formula . RPAREN

    RPAREN  shift, and go to state 604


State 438

  421 formula_data: _DLR_fof LPAREN fof_formula . RPAREN

    RPAREN  shift, and go to state 605


State 439

  302 fof_function_term: fof_plain_term .

    $default  reduce using rule 302 (fof_function_term)


State 440

  293 fof_defined_atomic_term: fof_defined_plain_term .

    $default  reduce using rule 293 (fof_defined_atomic_term)


State 441

  304 fof_function_term: fof_system_term .

    $default  reduce using rule 304 (fof_function_term)


State 442

  423 formula_data: _DLR_fot LPAREN fof_term . RPAREN

    RPAREN  shift, and go to state 606


State 443

  420 formula_data: _DLR_tff LPAREN tff_formula . RPAREN

    RPAREN  shift, and go to state 607


State 444

  419 formula_data: _DLR_thf LPAREN thf_formula . RPAREN

    RPAREN  shift, and go to state 608


State 445

  410 general_term: general_data COLON general_term .

    $default  reduce using rule 410 (general_term)


State 446

  418 general_function: atomic_word LPAREN general_terms . RPAREN

    RPAREN  shift, and go to state 609


State 447

  312 cnf_formula: LPAREN cnf_formula RPAREN .

    $default  reduce using rule 312 (cnf_formula)


State 448

  317 cnf_literal: TILDE LPAREN fof_atomic_formula . RPAREN

    RPAREN  shift, and go to state 610


State 449

  287 fof_defined_infix_formula: fof_term defined_infix_pred fof_term .

    $default  reduce using rule 287 (fof_defined_infix_formula)


State 450

  271 fof_infix_unary: fof_term infix_inequality fof_term .

    $default  reduce using rule 271 (fof_infix_unary)


State 451

  377 source: LBRKT . sources RBRKT

    LBRKT            shift, and go to state 451
    _LIT_file        shift, and go to state 452
    _LIT_inference   shift, and go to state 453
    _LIT_introduced  shift, and go to state 454
    back_quoted      shift, and go to state 27
    integer          shift, and go to state 28
    lower_word       shift, and go to state 29
    single_quoted    shift, and go to state 30

    source            go to state 611
    sources           go to state 612
    dag_source        go to state 456
    inference_record  go to state 457
    internal_source   go to state 458
    external_source   go to state 459
    file_source       go to state 460
    name              go to state 461
    atomic_word       go to state 32


State 452

  387 file_source: _LIT_file . LPAREN file_name file_info RPAREN

    LPAREN  shift, and go to state 613


State 453

  382 inference_record: _LIT_inference . LPAREN inference_rule COMMA useful_info COMMA parents RPAREN

    LPAREN  shift, and go to state 614


State 454

  384 internal_source: _LIT_introduced . LPAREN intro_type COMMA useful_info COMMA parents RPAREN

    LPAREN  shift, and go to state 615


State 455

   18 annotations: COMMA source . optional_info

    COMMA  shift, and go to state 616

    $default  reduce using rule 439 (nothing)

    optional_info  go to state 617
    nothing        go to state 618


State 456

  374 source: dag_source .

    $default  reduce using rule 374 (source)


State 457

  381 dag_source: inference_record .

    $default  reduce using rule 381 (dag_source)


State 458

  375 source: internal_source .

    $default  reduce using rule 375 (source)


State 459

  376 source: external_source .

    $default  reduce using rule 376 (source)


State 460

  386 external_source: file_source .

    $default  reduce using rule 386 (external_source)


State 461

  380 dag_source: name .

    $default  reduce using rule 380 (dag_source)


State 462

   17 cnf_annotated: _LIT_cnf LPAREN name COMMA formula_role COMMA cnf_formula annotations RPAREN . PERIOD

    PERIOD  shift, and go to state 619


State 463

  314 cnf_disjunction: cnf_disjunction VLINE cnf_literal .

    $default  reduce using rule 314 (cnf_disjunction)


State 464

  290 fof_plain_term: functor LPAREN fof_arguments . RPAREN

    RPAREN  shift, and go to state 620


State 465

  298 fof_arguments: fof_term .
  299              | fof_term . COMMA fof_arguments

    COMMA  shift, and go to state 621

    $default  reduce using rule 298 (fof_arguments)


State 466

  295 fof_defined_plain_term: defined_functor LPAREN fof_arguments . RPAREN

    RPAREN  shift, and go to state 622


State 467

  297 fof_system_term: system_functor LPAREN fof_arguments . RPAREN

    RPAREN  shift, and go to state 623


State 468

  310 fof_formula_tuple_list: fof_logic_formula COMMA . fof_formula_tuple_list

    EXCLAMATION         shift, and go to state 124
    LPAREN              shift, and go to state 307
    QUESTION            shift, and go to state 127
    TILDE               shift, and go to state 128
    back_quoted         shift, and go to state 27
    distinct_object     shift, and go to state 92
    dollar_dollar_word  shift, and go to state 93
    dollar_word         shift, and go to state 94
    integer             shift, and go to state 78
    lower_word          shift, and go to state 29
    rational            shift, and go to state 79
    real                shift, and go to state 80
    single_quoted       shift, and go to state 30
    upper_word          shift, and go to state 81

    fof_logic_formula           go to state 309
    fof_binary_formula          go to state 131
    fof_binary_nonassoc         go to state 132
    fof_binary_assoc            go to state 133
    fof_or_formula              go to state 134
    fof_and_formula             go to state 135
    fof_unary_formula           go to state 136
    fof_infix_unary             go to state 137
    fof_unit_formula            go to state 138
    fof_unitary_formula         go to state 139
    fof_quantified_formula      go to state 140
    fof_atomic_formula          go to state 141
    fof_plain_atomic_formula    go to state 97
    fof_defined_atomic_formula  go to state 98
    fof_defined_plain_formula   go to state 99
    fof_defined_infix_formula   go to state 100
    fof_system_atomic_formula   go to state 101
    fof_plain_term              go to state 102
    fof_defined_term            go to state 103
    fof_defined_atomic_term     go to state 104
    fof_defined_plain_term      go to state 105
    fof_system_term             go to state 106
    fof_term                    go to state 107
    fof_function_term           go to state 108
    fof_formula_tuple_list      go to state 624
    fof_quantifier              go to state 144
    unary_connective            go to state 145
    constant                    go to state 112
    functor                     go to state 113
    defined_constant            go to state 114
    defined_functor             go to state 115
    system_constant             go to state 116
    system_functor              go to state 117
    defined_term                go to state 118
    variable                    go to state 119
    atomic_word                 go to state 120
    atomic_defined_word         go to state 121
    atomic_system_word          go to state 122
    number                      go to state 123


State 469

  308 fof_formula_tuple: LBRKT fof_formula_tuple_list RBRKT .

    $default  reduce using rule 308 (fof_formula_tuple)


State 470

  276 fof_unitary_formula: LPAREN fof_logic_formula RPAREN .

    $default  reduce using rule 276 (fof_unitary_formula)


State 471

  306 fof_sequent: LPAREN fof_sequent RPAREN .

    $default  reduce using rule 306 (fof_sequent)


State 472

   16 fof_annotated: _LIT_fof LPAREN name COMMA formula_role COMMA fof_formula annotations RPAREN . PERIOD

    PERIOD  shift, and go to state 625


State 473

  266 fof_or_formula: fof_or_formula VLINE fof_unit_formula .

    $default  reduce using rule 266 (fof_or_formula)


State 474

  268 fof_and_formula: fof_and_formula AMPERSAND fof_unit_formula .

    $default  reduce using rule 268 (fof_and_formula)


State 475

  267 fof_and_formula: fof_unit_formula AMPERSAND fof_unit_formula .

    $default  reduce using rule 267 (fof_and_formula)


State 476

  265 fof_or_formula: fof_unit_formula VLINE fof_unit_formula .

    $default  reduce using rule 265 (fof_or_formula)


State 477

  262 fof_binary_nonassoc: fof_unit_formula nonassoc_connective fof_unit_formula .

    $default  reduce using rule 262 (fof_binary_nonassoc)


State 478

  305 fof_sequent: fof_formula_tuple gentzen_arrow fof_formula_tuple .

    $default  reduce using rule 305 (fof_sequent)


State 479

  277 fof_quantified_formula: fof_quantifier LBRKT fof_variable_list . RBRKT COLON fof_unit_formula

    RBRKT  shift, and go to state 626


State 480

  278 fof_variable_list: variable .
  279                  | variable . COMMA fof_variable_list

    COMMA  shift, and go to state 627

    $default  reduce using rule 278 (fof_variable_list)


State 481

  254 tcf_quantified_formula: EXCLAMATION LBRKT tff_variable_list . RBRKT COLON tcf_logic_formula

    RBRKT  shift, and go to state 628


State 482

  151 tff_variable_list: tff_variable .
  152                  | tff_variable . COMMA tff_variable_list

    COMMA  shift, and go to state 629

    $default  reduce using rule 151 (tff_variable_list)


State 483

  153 tff_variable: tff_typed_variable .

    $default  reduce using rule 153 (tff_variable)


State 484

  154 tff_variable: variable .
  155 tff_typed_variable: variable . COLON tff_atomic_type

    COLON  shift, and go to state 630

    $default  reduce using rule 154 (tff_variable)


State 485

  199 tff_atom_typing: LPAREN tff_atom_typing RPAREN .

    $default  reduce using rule 199 (tff_atom_typing)


State 486

   15 tcf_annotated: _LIT_tcf LPAREN name COMMA formula_role COMMA tcf_formula annotations RPAREN . PERIOD

    PERIOD  shift, and go to state 631


State 487

  222 txf_tuple_type: LBRKT . tff_type_list RBRKT

    EXCLAMATION_GREATER  shift, and go to state 219
    LBRKT                shift, and go to state 487
    LPAREN               shift, and go to state 488
    QUESTION_STAR        shift, and go to state 224
    back_quoted          shift, and go to state 27
    dollar_word          shift, and go to state 94
    lower_word           shift, and go to state 29
    single_quoted        shift, and go to state 30
    upper_word           shift, and go to state 81

    tff_top_level_type   go to state 632
    tff_non_atomic_type  go to state 490
    tf1_quantified_type  go to state 491
    tff_unitary_type     go to state 492
    tff_atomic_type      go to state 493
    tff_mapping_type     go to state 494
    txf_tuple_type       go to state 495
    tff_type_list        go to state 633
    type_quantifier      go to state 496
    type_constant        go to state 497
    type_functor         go to state 498
    defined_type         go to state 499
    variable             go to state 500
    atomic_word          go to state 501
    atomic_defined_word  go to state 502


State 488

  204 tff_non_atomic_type: LPAREN . tff_non_atomic_type RPAREN
  210 tff_unitary_type: LPAREN . tff_xprod_type RPAREN
  215 tff_atomic_type: LPAREN . tff_atomic_type RPAREN

    EXCLAMATION_GREATER  shift, and go to state 219
    LBRKT                shift, and go to state 487
    LPAREN               shift, and go to state 488
    QUESTION_STAR        shift, and go to state 224
    back_quoted          shift, and go to state 27
    dollar_word          shift, and go to state 94
    lower_word           shift, and go to state 29
    single_quoted        shift, and go to state 30
    upper_word           shift, and go to state 81

    tff_non_atomic_type  go to state 634
    tf1_quantified_type  go to state 491
    tff_unitary_type     go to state 635
    tff_atomic_type      go to state 636
    tff_mapping_type     go to state 494
    tff_xprod_type       go to state 637
    txf_tuple_type       go to state 495
    type_quantifier      go to state 496
    type_constant        go to state 497
    type_functor         go to state 498
    defined_type         go to state 499
    variable             go to state 500
    atomic_word          go to state 501
    atomic_defined_word  go to state 502


State 489

  198 tff_atom_typing: typeable_atom COLON tff_top_level_type .

    $default  reduce using rule 198 (tff_atom_typing)


State 490

  201 tff_top_level_type: tff_non_atomic_type .

    $default  reduce using rule 201 (tff_top_level_type)


State 491

  203 tff_non_atomic_type: tf1_quantified_type .

    $default  reduce using rule 203 (tff_non_atomic_type)


State 492

  219 tff_mapping_type: tff_unitary_type . arrow tff_atomic_type

    arrow  shift, and go to state 638


State 493

  200 tff_top_level_type: tff_atomic_type .
  209 tff_unitary_type: tff_atomic_type .

    arrow     reduce using rule 209 (tff_unitary_type)
    $default  reduce using rule 200 (tff_top_level_type)


State 494

  202 tff_non_atomic_type: tff_mapping_type .

    $default  reduce using rule 202 (tff_non_atomic_type)


State 495

  216 tff_atomic_type: txf_tuple_type .

    $default  reduce using rule 216 (tff_atomic_type)


State 496

  205 tf1_quantified_type: type_quantifier . LBRKT tff_variable_list RBRKT COLON tff_monotype

    LBRKT  shift, and go to state 639


State 497

  211 tff_atomic_type: type_constant .

    $default  reduce using rule 211 (tff_atomic_type)


State 498

  214 tff_atomic_type: type_functor . LPAREN tff_type_arguments RPAREN
  353 type_constant: type_functor .

    LPAREN  shift, and go to state 640

    $default  reduce using rule 353 (type_constant)


State 499

  212 tff_atomic_type: defined_type .

    $default  reduce using rule 212 (tff_atomic_type)


State 500

  213 tff_atomic_type: variable .

    $default  reduce using rule 213 (tff_atomic_type)


State 501

  354 type_functor: atomic_word .

    $default  reduce using rule 354 (type_functor)


State 502

  355 defined_type: atomic_defined_word .

    $default  reduce using rule 355 (defined_type)


State 503

  248 ntf_short_connective: LBRACE PERIOD RBRACE .

    $default  reduce using rule 248 (ntf_short_connective)


State 504

  236 nxf_long_connective: LBRACE ntf_connective_name LPAREN . nxf_parameter_list RPAREN RBRACE

    LBRACE              shift, and go to state 531
    _DLR_let            shift, and go to state 163
    back_quoted         shift, and go to state 27
    dollar_dollar_word  shift, and go to state 93
    dollar_word         shift, and go to state 94
    hash                shift, and go to state 641
    lower_word          shift, and go to state 29
    single_quoted       shift, and go to state 30

    tff_atomic_formula   go to state 642
    tff_plain_atomic     go to state 181
    tff_defined_atomic   go to state 182
    tff_defined_plain    go to state 183
    tff_system_atomic    go to state 185
    txf_let              go to state 186
    nxf_atom             go to state 187
    txf_definition       go to state 643
    nxf_long_connective  go to state 194
    nxf_parameter_list   go to state 644
    nxf_parameter        go to state 645
    nxf_key_pair         go to state 646
    ntf_index            go to state 647
    constant             go to state 348
    functor              go to state 204
    defined_constant     go to state 349
    defined_functor      go to state 206
    system_constant      go to state 207
    system_functor       go to state 208
    atomic_word          go to state 120
    atomic_defined_word  go to state 121
    atomic_system_word   go to state 122


State 505

  235 nxf_long_connective: LBRACE ntf_connective_name RBRACE .

    $default  reduce using rule 235 (nxf_long_connective)


State 506

  246 ntf_short_connective: LBRKT PERIOD RBRKT .

    $default  reduce using rule 246 (ntf_short_connective)


State 507

  197 tff_arguments: tff_term COMMA . tff_arguments

    EXCLAMATION         shift, and go to state 124
    LBRACE              shift, and go to state 160
    LBRKT               shift, and go to state 161
    LPAREN              shift, and go to state 341
    QUESTION            shift, and go to state 127
    TILDE               shift, and go to state 128
    _DLR_let            shift, and go to state 163
    back_quoted         shift, and go to state 27
    distinct_object     shift, and go to state 92
    dollar_dollar_word  shift, and go to state 93
    dollar_word         shift, and go to state 94
    hash                shift, and go to state 164
    integer             shift, and go to state 78
    less_sign           shift, and go to state 165
    lower_word          shift, and go to state 29
    rational            shift, and go to state 79
    real                shift, and go to state 80
    single_quoted       shift, and go to state 30
    upper_word          shift, and go to state 81

    tff_logic_formula       go to state 344
    tff_binary_formula      go to state 168
    tff_binary_nonassoc     go to state 169
    tff_binary_assoc        go to state 170
    tff_or_formula          go to state 171
    tff_and_formula         go to state 172
    tff_unit_formula        go to state 173
    tff_unitary_formula     go to state 174
    txf_unitary_formula     go to state 175
    tff_quantified_formula  go to state 176
    tff_unary_formula       go to state 177
    tff_prefix_unary        go to state 178
    tff_infix_unary         go to state 179
    tff_atomic_formula      go to state 180
    tff_plain_atomic        go to state 181
    tff_defined_atomic      go to state 182
    tff_defined_plain       go to state 183
    tff_defined_infix       go to state 184
    tff_system_atomic       go to state 185
    txf_let                 go to state 186
    nxf_atom                go to state 187
    tff_term                go to state 345
    tff_unitary_term        go to state 188
    txf_tuple               go to state 346
    tff_arguments           go to state 648
    txf_definition          go to state 192
    txf_sequent             go to state 193
    nxf_long_connective     go to state 194
    ntf_short_connective    go to state 195
    tff_unary_connective    go to state 196
    tff_quantifier          go to state 197
    fof_quantifier          go to state 198
    unary_connective        go to state 199
    constant                go to state 348
    functor                 go to state 204
    defined_constant        go to state 349
    defined_functor         go to state 206
    system_constant         go to state 207
    system_functor          go to state 208
    defined_term            go to state 350
    variable                go to state 210
    atomic_word             go to state 120
    atomic_defined_word     go to state 121
    atomic_system_word      go to state 122
    number                  go to state 123


State 508

  195 txf_tuple: LBRKT tff_arguments RBRKT .

    $default  reduce using rule 195 (txf_tuple)


State 509

  249 ntf_short_connective: LPAREN PERIOD RPAREN .

    $default  reduce using rule 249 (ntf_short_connective)


State 510

  148 tff_unitary_formula: LPAREN tff_logic_formula RPAREN .
  193 tff_unitary_term: LPAREN tff_logic_formula RPAREN .

    EQUALS              reduce using rule 193 (tff_unitary_term)
    EXCLAMATION_EQUALS  reduce using rule 193 (tff_unitary_term)
    $default            reduce using rule 148 (tff_unitary_formula)


State 511

  175 txf_let_types: LBRKT . tff_atom_typing_list RBRKT

    LPAREN           shift, and go to state 512
    back_quoted      shift, and go to state 27
    distinct_object  shift, and go to state 513
    lower_word       shift, and go to state 29
    single_quoted    shift, and go to state 30

    tff_atom_typing_list  go to state 649
    tff_atom_typing       go to state 650
    typeable_atom         go to state 158
    constant              go to state 516
    functor               go to state 517
    atomic_word           go to state 120


State 512

  199 tff_atom_typing: LPAREN . tff_atom_typing RPAREN

    LPAREN           shift, and go to state 512
    back_quoted      shift, and go to state 27
    distinct_object  shift, and go to state 513
    lower_word       shift, and go to state 29
    single_quoted    shift, and go to state 30

    tff_atom_typing  go to state 333
    typeable_atom    go to state 158
    constant         go to state 516
    functor          go to state 517
    atomic_word      go to state 120


State 513

  349 typeable_atom: distinct_object .

    $default  reduce using rule 349 (typeable_atom)


State 514

  173 txf_let: _DLR_let LPAREN txf_let_types . COMMA txf_let_defns COMMA tff_term RPAREN

    COMMA  shift, and go to state 651


State 515

  174 txf_let_types: tff_atom_typing .

    $default  reduce using rule 174 (txf_let_types)


State 516

  348 typeable_atom: constant .

    $default  reduce using rule 348 (typeable_atom)


State 517

  360 constant: functor .

    $default  reduce using rule 360 (constant)


State 518

  247 ntf_short_connective: less_sign PERIOD arrow .

    $default  reduce using rule 247 (ntf_short_connective)


State 519

   14 tff_annotated: _LIT_tff LPAREN name COMMA formula_role COMMA tff_formula annotations RPAREN . PERIOD

    PERIOD  shift, and go to state 652


State 520

  137 tff_or_formula: tff_or_formula VLINE tff_unit_formula .

    $default  reduce using rule 137 (tff_or_formula)


State 521

  140 tff_unit_formula: tff_unitary_formula .

    $default  reduce using rule 140 (tff_unit_formula)


State 522

  141 tff_unit_formula: tff_unary_formula .

    $default  reduce using rule 141 (tff_unit_formula)


State 523

  146 tff_unitary_formula: tff_atomic_formula .
  189 tff_unitary_term: tff_atomic_formula .

    EQUALS              reduce using rule 189 (tff_unitary_term)
    EXCLAMATION_EQUALS  reduce using rule 189 (tff_unitary_term)
    $default            reduce using rule 146 (tff_unitary_formula)


State 524

  142 tff_unit_formula: tff_defined_infix .

    $default  reduce using rule 142 (tff_unit_formula)


State 525

  191 tff_unitary_term: txf_tuple .

    $default  reduce using rule 191 (tff_unitary_term)


State 526

  139 tff_and_formula: tff_and_formula AMPERSAND tff_unit_formula .

    $default  reduce using rule 139 (tff_and_formula)


State 527

  138 tff_and_formula: tff_unit_formula AMPERSAND tff_unit_formula .

    $default  reduce using rule 138 (tff_and_formula)


State 528

  136 tff_or_formula: tff_unit_formula VLINE tff_unit_formula .

    $default  reduce using rule 136 (tff_or_formula)


State 529

  133 tff_binary_nonassoc: tff_unit_formula nonassoc_connective tff_unit_formula .

    $default  reduce using rule 133 (tff_binary_nonassoc)


State 530

  226 txf_definition: tff_atomic_formula identical tff_term .

    $default  reduce using rule 226 (txf_definition)


State 531

  235 nxf_long_connective: LBRACE . ntf_connective_name RBRACE
  236                    | LBRACE . ntf_connective_name LPAREN nxf_parameter_list RPAREN RBRACE

    dollar_dollar_word  shift, and go to state 93
    dollar_word         shift, and go to state 94

    ntf_connective_name     go to state 337
    ntf_defined_connective  go to state 338
    atomic_defined_word     go to state 339
    atomic_system_word      go to state 340


State 532

  194 txf_tuple: LBRKT . RBRKT
  195          | LBRKT . tff_arguments RBRKT

    EXCLAMATION         shift, and go to state 124
    LBRACE              shift, and go to state 160
    LBRKT               shift, and go to state 161
    LPAREN              shift, and go to state 341
    QUESTION            shift, and go to state 127
    RBRKT               shift, and go to state 343
    TILDE               shift, and go to state 128
    _DLR_let            shift, and go to state 163
    back_quoted         shift, and go to state 27
    distinct_object     shift, and go to state 92
    dollar_dollar_word  shift, and go to state 93
    dollar_word         shift, and go to state 94
    hash                shift, and go to state 164
    integer             shift, and go to state 78
    less_sign           shift, and go to state 165
    lower_word          shift, and go to state 29
    rational            shift, and go to state 79
    real                shift, and go to state 80
    single_quoted       shift, and go to state 30
    upper_word          shift, and go to state 81

    tff_logic_formula       go to state 344
    tff_binary_formula      go to state 168
    tff_binary_nonassoc     go to state 169
    tff_binary_assoc        go to state 170
    tff_or_formula          go to state 171
    tff_and_formula         go to state 172
    tff_unit_formula        go to state 173
    tff_unitary_formula     go to state 174
    txf_unitary_formula     go to state 175
    tff_quantified_formula  go to state 176
    tff_unary_formula       go to state 177
    tff_prefix_unary        go to state 178
    tff_infix_unary         go to state 179
    tff_atomic_formula      go to state 180
    tff_plain_atomic        go to state 181
    tff_defined_atomic      go to state 182
    tff_defined_plain       go to state 183
    tff_defined_infix       go to state 184
    tff_system_atomic       go to state 185
    txf_let                 go to state 186
    nxf_atom                go to state 187
    tff_term                go to state 345
    tff_unitary_term        go to state 188
    txf_tuple               go to state 346
    tff_arguments           go to state 347
    txf_definition          go to state 192
    txf_sequent             go to state 193
    nxf_long_connective     go to state 194
    ntf_short_connective    go to state 195
    tff_unary_connective    go to state 196
    tff_quantifier          go to state 197
    fof_quantifier          go to state 198
    unary_connective        go to state 199
    constant                go to state 348
    functor                 go to state 204
    defined_constant        go to state 349
    defined_functor         go to state 206
    system_constant         go to state 207
    system_functor          go to state 208
    defined_term            go to state 350
    variable                go to state 210
    atomic_word             go to state 120
    atomic_defined_word     go to state 121
    atomic_system_word      go to state 122
    number                  go to state 123


State 533

  193 tff_unitary_term: LPAREN . tff_logic_formula RPAREN

    EXCLAMATION         shift, and go to state 124
    LBRACE              shift, and go to state 160
    LBRKT               shift, and go to state 161
    LPAREN              shift, and go to state 341
    QUESTION            shift, and go to state 127
    TILDE               shift, and go to state 128
    _DLR_let            shift, and go to state 163
    back_quoted         shift, and go to state 27
    distinct_object     shift, and go to state 92
    dollar_dollar_word  shift, and go to state 93
    dollar_word         shift, and go to state 94
    hash                shift, and go to state 164
    integer             shift, and go to state 78
    less_sign           shift, and go to state 165
    lower_word          shift, and go to state 29
    rational            shift, and go to state 79
    real                shift, and go to state 80
    single_quoted       shift, and go to state 30
    upper_word          shift, and go to state 81

    tff_logic_formula       go to state 653
    tff_binary_formula      go to state 168
    tff_binary_nonassoc     go to state 169
    tff_binary_assoc        go to state 170
    tff_or_formula          go to state 171
    tff_and_formula         go to state 172
    tff_unit_formula        go to state 173
    tff_unitary_formula     go to state 174
    txf_unitary_formula     go to state 175
    tff_quantified_formula  go to state 176
    tff_unary_formula       go to state 177
    tff_prefix_unary        go to state 178
    tff_infix_unary         go to state 179
    tff_atomic_formula      go to state 180
    tff_plain_atomic        go to state 181
    tff_defined_atomic      go to state 182
    tff_defined_plain       go to state 183
    tff_defined_infix       go to state 184
    tff_system_atomic       go to state 185
    txf_let                 go to state 186
    nxf_atom                go to state 187
    tff_unitary_term        go to state 188
    txf_tuple               go to state 189
    txf_definition          go to state 192
    txf_sequent             go to state 193
    nxf_long_connective     go to state 194
    ntf_short_connective    go to state 195
    tff_unary_connective    go to state 196
    tff_quantifier          go to state 197
    fof_quantifier          go to state 198
    unary_connective        go to state 199
    constant                go to state 348
    functor                 go to state 204
    defined_constant        go to state 349
    defined_functor         go to state 206
    system_constant         go to state 207
    system_functor          go to state 208
    defined_term            go to state 209
    variable                go to state 210
    atomic_word             go to state 120
    atomic_defined_word     go to state 121
    atomic_system_word      go to state 122
    number                  go to state 123


State 534

  189 tff_unitary_term: tff_atomic_formula .

    $default  reduce using rule 189 (tff_unitary_term)


State 535

  170 tff_defined_infix: tff_unitary_term defined_infix_pred tff_unitary_term .

    $default  reduce using rule 170 (tff_defined_infix)


State 536

  192 tff_unitary_term: variable .

    $default  reduce using rule 192 (tff_unitary_term)


State 537

  159 tff_infix_unary: tff_unitary_term infix_inequality tff_unitary_term .

    $default  reduce using rule 159 (tff_infix_unary)


State 538

  227 txf_sequent: txf_tuple gentzen_arrow txf_tuple .

    $default  reduce using rule 227 (txf_sequent)


State 539

  185 nxf_atom: nxf_long_connective AT_SIGN LPAREN . tff_arguments RPAREN

    EXCLAMATION         shift, and go to state 124
    LBRACE              shift, and go to state 160
    LBRKT               shift, and go to state 161
    LPAREN              shift, and go to state 341
    QUESTION            shift, and go to state 127
    TILDE               shift, and go to state 128
    _DLR_let            shift, and go to state 163
    back_quoted         shift, and go to state 27
    distinct_object     shift, and go to state 92
    dollar_dollar_word  shift, and go to state 93
    dollar_word         shift, and go to state 94
    hash                shift, and go to state 164
    integer             shift, and go to state 78
    less_sign           shift, and go to state 165
    lower_word          shift, and go to state 29
    rational            shift, and go to state 79
    real                shift, and go to state 80
    single_quoted       shift, and go to state 30
    upper_word          shift, and go to state 81

    tff_logic_formula       go to state 344
    tff_binary_formula      go to state 168
    tff_binary_nonassoc     go to state 169
    tff_binary_assoc        go to state 170
    tff_or_formula          go to state 171
    tff_and_formula         go to state 172
    tff_unit_formula        go to state 173
    tff_unitary_formula     go to state 174
    txf_unitary_formula     go to state 175
    tff_quantified_formula  go to state 176
    tff_unary_formula       go to state 177
    tff_prefix_unary        go to state 178
    tff_infix_unary         go to state 179
    tff_atomic_formula      go to state 180
    tff_plain_atomic        go to state 181
    tff_defined_atomic      go to state 182
    tff_defined_plain       go to state 183
    tff_defined_infix       go to state 184
    tff_system_atomic       go to state 185
    txf_let                 go to state 186
    nxf_atom                go to state 187
    tff_term                go to state 345
    tff_unitary_term        go to state 188
    txf_tuple               go to state 346
    tff_arguments           go to state 654
    txf_definition          go to state 192
    txf_sequent             go to state 193
    nxf_long_connective     go to state 194
    ntf_short_connective    go to state 195
    tff_unary_connective    go to state 196
    tff_quantifier          go to state 197
    fof_quantifier          go to state 198
    unary_connective        go to state 199
    constant                go to state 348
    functor                 go to state 204
    defined_constant        go to state 349
    defined_functor         go to state 206
    system_constant         go to state 207
    system_functor          go to state 208
    defined_term            go to state 350
    variable                go to state 210
    atomic_word             go to state 120
    atomic_defined_word     go to state 121
    atomic_system_word      go to state 122
    number                  go to state 123


State 540

  148 tff_unitary_formula: LPAREN tff_logic_formula . RPAREN

    RPAREN  shift, and go to state 655


State 541

  150 tff_quantified_formula: tff_quantifier LBRKT tff_variable_list . RBRKT COLON tff_unit_formula

    RBRKT  shift, and go to state 656


State 542

  350 atomic_type: typeable_atom .

    $default  reduce using rule 350 (atomic_type)


State 543

  225 tff_subtype: atomic_type subtype_sign atomic_type .

    $default  reduce using rule 225 (tff_subtype)


State 544

  351 atomic_type: defined_constant .

    $default  reduce using rule 351 (atomic_type)


State 545

  362 defined_constant: defined_functor .

    $default  reduce using rule 362 (defined_constant)


State 546

  356 system_type: atomic_system_word .

    $default  reduce using rule 356 (system_type)


State 547

  164 tff_plain_atomic: functor LPAREN tff_arguments . RPAREN

    RPAREN  shift, and go to state 657


State 548

  167 tff_defined_plain: defined_functor LPAREN tff_arguments . RPAREN

    RPAREN  shift, and go to state 658


State 549

  172 tff_system_atomic: system_functor LPAREN tff_arguments . RPAREN

    RPAREN  shift, and go to state 659


State 550

  229 nhf_long_connective: LBRACE ntf_connective_name LPAREN . nhf_parameter_list RPAREN RBRACE

    AT_AT_SIGN_MINUS         shift, and go to state 212
    AT_AT_SIGN_PLUS          shift, and go to state 213
    AT_SIGN_EQUALS           shift, and go to state 214
    EXCLAMATION_EXCLAMATION  shift, and go to state 218
    LBRACE                   shift, and go to state 570
    LBRKT                    shift, and go to state 571
    LPAREN                   shift, and go to state 660
    QUESTION_QUESTION        shift, and go to state 223
    _DLR_let                 shift, and go to state 225
    back_quoted              shift, and go to state 27
    distinct_object          shift, and go to state 92
    dollar_dollar_word       shift, and go to state 93
    dollar_word              shift, and go to state 94
    hash                     shift, and go to state 641
    integer                  shift, and go to state 78
    lower_word               shift, and go to state 29
    rational                 shift, and go to state 79
    real                     shift, and go to state 80
    single_quoted            shift, and go to state 30

    thf_atomic_formula   go to state 661
    thf_plain_atomic     go to state 242
    thf_defined_atomic   go to state 243
    thf_defined_term     go to state 244
    thf_system_atomic    go to state 246
    thf_let              go to state 247
    thf_tuple            go to state 412
    thf_fof_function     go to state 250
    thf_definition       go to state 662
    nhf_long_connective  go to state 260
    nhf_parameter_list   go to state 663
    nhf_parameter        go to state 664
    nhf_key_pair         go to state 665
    ntf_index            go to state 666
    constant             go to state 385
    functor              go to state 271
    defined_constant     go to state 386
    defined_functor      go to state 273
    system_constant      go to state 274
    system_functor       go to state 275
    th1_defined_term     go to state 276
    defined_term         go to state 277
    atomic_word          go to state 120
    atomic_defined_word  go to state 121
    atomic_system_word   go to state 122
    number               go to state 123


State 551

  228 nhf_long_connective: LBRACE ntf_connective_name RBRACE .

    $default  reduce using rule 228 (nhf_long_connective)


State 552

  102 thf_formula_list: thf_logic_formula COMMA . thf_formula_list

    AT_AT_SIGN_MINUS         shift, and go to state 212
    AT_AT_SIGN_PLUS          shift, and go to state 213
    AT_SIGN_EQUALS           shift, and go to state 214
    AT_SIGN_MINUS            shift, and go to state 215
    AT_SIGN_PLUS             shift, and go to state 216
    CARET                    shift, and go to state 217
    EXCLAMATION              shift, and go to state 124
    EXCLAMATION_EXCLAMATION  shift, and go to state 218
    EXCLAMATION_GREATER      shift, and go to state 219
    LBRACE                   shift, and go to state 220
    LBRKT                    shift, and go to state 221
    LPAREN                   shift, and go to state 381
    QUESTION                 shift, and go to state 127
    QUESTION_QUESTION        shift, and go to state 223
    QUESTION_STAR            shift, and go to state 224
    TILDE                    shift, and go to state 128
    _DLR_let                 shift, and go to state 225
    back_quoted              shift, and go to state 27
    distinct_object          shift, and go to state 92
    dollar_dollar_word       shift, and go to state 93
    dollar_word              shift, and go to state 94
    hash                     shift, and go to state 164
    integer                  shift, and go to state 78
    less_sign                shift, and go to state 165
    lower_word               shift, and go to state 29
    rational                 shift, and go to state 79
    real                     shift, and go to state 80
    single_quoted            shift, and go to state 30
    upper_word               shift, and go to state 81

    thf_logic_formula       go to state 383
    thf_binary_formula      go to state 228
    thf_binary_nonassoc     go to state 229
    thf_binary_assoc        go to state 230
    thf_or_formula          go to state 231
    thf_and_formula         go to state 232
    thf_apply_formula       go to state 233
    thf_unit_formula        go to state 234
    thf_unitary_formula     go to state 235
    thf_quantified_formula  go to state 236
    thf_quantification      go to state 237
    thf_unary_formula       go to state 238
    thf_prefix_unary        go to state 239
    thf_infix_unary         go to state 240
    thf_atomic_formula      go to state 241
    thf_plain_atomic        go to state 242
    thf_defined_atomic      go to state 243
    thf_defined_term        go to state 244
    thf_defined_infix       go to state 245
    thf_system_atomic       go to state 246
    thf_let                 go to state 247
    thf_unitary_term        go to state 248
    thf_tuple               go to state 249
    thf_fof_function        go to state 250
    thf_formula_list        go to state 667
    thf_unitary_type        go to state 252
    thf_binary_type         go to state 253
    thf_mapping_type        go to state 254
    thf_xprod_type          go to state 255
    thf_union_type          go to state 256
    thf_definition          go to state 258
    thf_sequent             go to state 259
    nhf_long_connective     go to state 260
    ntf_short_connective    go to state 261
    thf_quantifier          go to state 262
    thf_unary_connective    go to state 263
    th0_quantifier          go to state 264
    type_quantifier         go to state 265
    tff_quantifier          go to state 266
    fof_quantifier          go to state 198
    unary_connective        go to state 267
    constant                go to state 385
    functor                 go to state 271
    defined_constant        go to state 386
    defined_functor         go to state 273
    system_constant         go to state 274
    system_functor          go to state 275
    th1_defined_term        go to state 276
    defined_term            go to state 277
    variable                go to state 278
    atomic_word             go to state 120
    atomic_defined_word     go to state 121
    atomic_system_word      go to state 122
    number                  go to state 123


State 553

   96 thf_tuple: LBRKT thf_formula_list RBRKT .

    $default  reduce using rule 96 (thf_tuple)


State 554

   52 thf_unitary_formula: LPAREN thf_logic_formula RPAREN .
   89 thf_unitary_term: LPAREN thf_logic_formula RPAREN .

    EQUALS              reduce using rule 89 (thf_unitary_term)
    EXCLAMATION_EQUALS  reduce using rule 89 (thf_unitary_term)
    $default            reduce using rule 52 (thf_unitary_formula)


State 555

   70 thf_defined_atomic: LPAREN thf_conn_term RPAREN .

    $default  reduce using rule 70 (thf_defined_atomic)


State 556

  104 thf_atom_typing: LPAREN thf_atom_typing RPAREN .

    $default  reduce using rule 104 (thf_atom_typing)


State 557

   79 thf_let_types: LBRKT . thf_atom_typing_list RBRKT

    LPAREN           shift, and go to state 558
    back_quoted      shift, and go to state 27
    distinct_object  shift, and go to state 513
    lower_word       shift, and go to state 29
    single_quoted    shift, and go to state 30

    thf_atom_typing_list  go to state 668
    thf_atom_typing       go to state 669
    typeable_atom         go to state 395
    constant              go to state 516
    functor               go to state 517
    atomic_word           go to state 120


State 558

  104 thf_atom_typing: LPAREN . thf_atom_typing RPAREN

    LPAREN           shift, and go to state 558
    back_quoted      shift, and go to state 27
    distinct_object  shift, and go to state 513
    lower_word       shift, and go to state 29
    single_quoted    shift, and go to state 30

    thf_atom_typing  go to state 391
    typeable_atom    go to state 395
    constant         go to state 516
    functor          go to state 517
    atomic_word      go to state 120


State 559

   77 thf_let: _DLR_let LPAREN thf_let_types . COMMA thf_let_defns COMMA thf_logic_formula RPAREN

    COMMA  shift, and go to state 670


State 560

   78 thf_let_types: thf_atom_typing .

    $default  reduce using rule 78 (thf_let_types)


State 561

   13 thf_annotated: _LIT_thf LPAREN name COMMA formula_role COMMA thf_formula annotations RPAREN . PERIOD

    PERIOD  shift, and go to state 671


State 562

   39 thf_or_formula: thf_or_formula VLINE thf_unit_formula .

    $default  reduce using rule 39 (thf_or_formula)


State 563

   41 thf_and_formula: thf_and_formula AMPERSAND thf_unit_formula .

    $default  reduce using rule 41 (thf_and_formula)


State 564

   43 thf_apply_formula: thf_apply_formula AT_SIGN thf_unit_formula .

    $default  reduce using rule 43 (thf_apply_formula)


State 565

   40 thf_and_formula: thf_unit_formula AMPERSAND thf_unit_formula .

    $default  reduce using rule 40 (thf_and_formula)


State 566

   42 thf_apply_formula: thf_unit_formula AT_SIGN thf_unit_formula .

    $default  reduce using rule 42 (thf_apply_formula)


State 567

   38 thf_or_formula: thf_unit_formula VLINE thf_unit_formula .

    $default  reduce using rule 38 (thf_or_formula)


State 568

   34 thf_binary_nonassoc: thf_unit_formula nonassoc_connective thf_unit_formula .

    $default  reduce using rule 34 (thf_binary_nonassoc)


State 569

  120 thf_definition: thf_atomic_formula identical thf_logic_formula .

    $default  reduce using rule 120 (thf_definition)


State 570

  228 nhf_long_connective: LBRACE . ntf_connective_name RBRACE
  229                    | LBRACE . ntf_connective_name LPAREN nhf_parameter_list RPAREN RBRACE

    dollar_dollar_word  shift, and go to state 93
    dollar_word         shift, and go to state 94

    ntf_connective_name     go to state 380
    ntf_defined_connective  go to state 338
    atomic_defined_word     go to state 339
    atomic_system_word      go to state 340


State 571

   95 thf_tuple: LBRKT . RBRKT
   96          | LBRKT . thf_formula_list RBRKT

    AT_AT_SIGN_MINUS         shift, and go to state 212
    AT_AT_SIGN_PLUS          shift, and go to state 213
    AT_SIGN_EQUALS           shift, and go to state 214
    AT_SIGN_MINUS            shift, and go to state 215
    AT_SIGN_PLUS             shift, and go to state 216
    CARET                    shift, and go to state 217
    EXCLAMATION              shift, and go to state 124
    EXCLAMATION_EXCLAMATION  shift, and go to state 218
    EXCLAMATION_GREATER      shift, and go to state 219
    LBRACE                   shift, and go to state 220
    LBRKT                    shift, and go to state 221
    LPAREN                   shift, and go to state 381
    QUESTION                 shift, and go to state 127
    QUESTION_QUESTION        shift, and go to state 223
    QUESTION_STAR            shift, and go to state 224
    RBRKT                    shift, and go to state 382
    TILDE                    shift, and go to state 128
    _DLR_let                 shift, and go to state 225
    back_quoted              shift, and go to state 27
    distinct_object          shift, and go to state 92
    dollar_dollar_word       shift, and go to state 93
    dollar_word              shift, and go to state 94
    hash                     shift, and go to state 164
    integer                  shift, and go to state 78
    less_sign                shift, and go to state 165
    lower_word               shift, and go to state 29
    rational                 shift, and go to state 79
    real                     shift, and go to state 80
    single_quoted            shift, and go to state 30
    upper_word               shift, and go to state 81

    thf_logic_formula       go to state 383
    thf_binary_formula      go to state 228
    thf_binary_nonassoc     go to state 229
    thf_binary_assoc        go to state 230
    thf_or_formula          go to state 231
    thf_and_formula         go to state 232
    thf_apply_formula       go to state 233
    thf_unit_formula        go to state 234
    thf_unitary_formula     go to state 235
    thf_quantified_formula  go to state 236
    thf_quantification      go to state 237
    thf_unary_formula       go to state 238
    thf_prefix_unary        go to state 239
    thf_infix_unary         go to state 240
    thf_atomic_formula      go to state 241
    thf_plain_atomic        go to state 242
    thf_defined_atomic      go to state 243
    thf_defined_term        go to state 244
    thf_defined_infix       go to state 245
    thf_system_atomic       go to state 246
    thf_let                 go to state 247
    thf_unitary_term        go to state 248
    thf_tuple               go to state 249
    thf_fof_function        go to state 250
    thf_formula_list        go to state 384
    thf_unitary_type        go to state 252
    thf_binary_type         go to state 253
    thf_mapping_type        go to state 254
    thf_xprod_type          go to state 255
    thf_union_type          go to state 256
    thf_definition          go to state 258
    thf_sequent             go to state 259
    nhf_long_connective     go to state 260
    ntf_short_connective    go to state 261
    thf_quantifier          go to state 262
    thf_unary_connective    go to state 263
    th0_quantifier          go to state 264
    type_quantifier         go to state 265
    tff_quantifier          go to state 266
    fof_quantifier          go to state 198
    unary_connective        go to state 267
    constant                go to state 385
    functor                 go to state 271
    defined_constant        go to state 386
    defined_functor         go to state 273
    system_constant         go to state 274
    system_functor          go to state 275
    th1_defined_term        go to state 276
    defined_term            go to state 277
    variable                go to state 278
    atomic_word             go to state 120
    atomic_defined_word     go to state 121
    atomic_system_word      go to state 122
    number                  go to state 123


State 572

   70 thf_defined_atomic: LPAREN . thf_conn_term RPAREN
   89 thf_unitary_term: LPAREN . thf_logic_formula RPAREN

    AMPERSAND                shift, and go to state 387
    AT_AT_SIGN_MINUS         shift, and go to state 212
    AT_AT_SIGN_PLUS          shift, and go to state 213
    AT_SIGN_EQUALS           shift, and go to state 214
    AT_SIGN_MINUS            shift, and go to state 215
    AT_SIGN_PLUS             shift, and go to state 216
    CARET                    shift, and go to state 217
    EQUALS                   shift, and go to state 295
    EQUALS_GREATER           shift, and go to state 317
    EXCLAMATION              shift, and go to state 124
    EXCLAMATION_EQUALS       shift, and go to state 296
    EXCLAMATION_EXCLAMATION  shift, and go to state 218
    EXCLAMATION_GREATER      shift, and go to state 219
    LBRACE                   shift, and go to state 220
    LBRKT                    shift, and go to state 221
    LESS_EQUALS              shift, and go to state 318
    LESS_EQUALS_GREATER      shift, and go to state 319
    LESS_TILDE_GREATER       shift, and go to state 320
    LPAREN                   shift, and go to state 381
    QUESTION                 shift, and go to state 127
    QUESTION_QUESTION        shift, and go to state 223
    QUESTION_STAR            shift, and go to state 224
    TILDE                    shift, and go to state 128
    TILDE_AMPERSAND          shift, and go to state 321
    TILDE_VLINE              shift, and go to state 322
    VLINE                    shift, and go to state 388
    _DLR_let                 shift, and go to state 225
    back_quoted              shift, and go to state 27
    distinct_object          shift, and go to state 92
    dollar_dollar_word       shift, and go to state 93
    dollar_word              shift, and go to state 94
    hash                     shift, and go to state 164
    integer                  shift, and go to state 78
    less_sign                shift, and go to state 165
    lower_word               shift, and go to state 29
    rational                 shift, and go to state 79
    real                     shift, and go to state 80
    single_quoted            shift, and go to state 30
    upper_word               shift, and go to state 81

    thf_logic_formula       go to state 672
    thf_binary_formula      go to state 228
    thf_binary_nonassoc     go to state 229
    thf_binary_assoc        go to state 230
    thf_or_formula          go to state 231
    thf_and_formula         go to state 232
    thf_apply_formula       go to state 233
    thf_unit_formula        go to state 234
    thf_unitary_formula     go to state 235
    thf_quantified_formula  go to state 236
    thf_quantification      go to state 237
    thf_unary_formula       go to state 238
    thf_prefix_unary        go to state 239
    thf_infix_unary         go to state 240
    thf_atomic_formula      go to state 241
    thf_plain_atomic        go to state 242
    thf_defined_atomic      go to state 243
    thf_defined_term        go to state 244
    thf_defined_infix       go to state 245
    thf_system_atomic       go to state 246
    thf_let                 go to state 247
    thf_unitary_term        go to state 248
    thf_conn_term           go to state 390
    thf_tuple               go to state 249
    thf_fof_function        go to state 250
    thf_unitary_type        go to state 252
    thf_binary_type         go to state 253
    thf_mapping_type        go to state 254
    thf_xprod_type          go to state 255
    thf_union_type          go to state 256
    thf_definition          go to state 258
    thf_sequent             go to state 259
    nhf_long_connective     go to state 260
    ntf_short_connective    go to state 261
    thf_quantifier          go to state 262
    thf_unary_connective    go to state 392
    th0_quantifier          go to state 264
    type_quantifier         go to state 265
    tff_quantifier          go to state 266
    fof_quantifier          go to state 198
    nonassoc_connective     go to state 393
    assoc_connective        go to state 394
    unary_connective        go to state 267
    infix_equality          go to state 396
    infix_inequality        go to state 397
    constant                go to state 385
    functor                 go to state 271
    defined_constant        go to state 386
    defined_functor         go to state 273
    system_constant         go to state 274
    system_functor          go to state 275
    th1_defined_term        go to state 276
    defined_term            go to state 277
    variable                go to state 278
    atomic_word             go to state 120
    atomic_defined_word     go to state 121
    atomic_system_word      go to state 122
    number                  go to state 123


State 573

   87 thf_unitary_term: thf_atomic_formula .

    $default  reduce using rule 87 (thf_unitary_term)


State 574

   75 thf_defined_infix: thf_unitary_term defined_infix_pred thf_unitary_term .

    $default  reduce using rule 75 (thf_defined_infix)


State 575

   88 thf_unitary_term: variable .

    $default  reduce using rule 88 (thf_unitary_term)


State 576

   61 thf_infix_unary: thf_unitary_term infix_inequality thf_unitary_term .

    $default  reduce using rule 61 (thf_infix_unary)


State 577

  121 thf_sequent: thf_tuple gentzen_arrow thf_tuple .

    $default  reduce using rule 121 (thf_sequent)


State 578

   52 thf_unitary_formula: LPAREN . thf_logic_formula RPAREN
   70 thf_defined_atomic: LPAREN . thf_conn_term RPAREN

    AMPERSAND                shift, and go to state 387
    AT_AT_SIGN_MINUS         shift, and go to state 212
    AT_AT_SIGN_PLUS          shift, and go to state 213
    AT_SIGN_EQUALS           shift, and go to state 214
    AT_SIGN_MINUS            shift, and go to state 215
    AT_SIGN_PLUS             shift, and go to state 216
    CARET                    shift, and go to state 217
    EQUALS                   shift, and go to state 295
    EQUALS_GREATER           shift, and go to state 317
    EXCLAMATION              shift, and go to state 124
    EXCLAMATION_EQUALS       shift, and go to state 296
    EXCLAMATION_EXCLAMATION  shift, and go to state 218
    EXCLAMATION_GREATER      shift, and go to state 219
    LBRACE                   shift, and go to state 220
    LBRKT                    shift, and go to state 221
    LESS_EQUALS              shift, and go to state 318
    LESS_EQUALS_GREATER      shift, and go to state 319
    LESS_TILDE_GREATER       shift, and go to state 320
    LPAREN                   shift, and go to state 381
    QUESTION                 shift, and go to state 127
    QUESTION_QUESTION        shift, and go to state 223
    QUESTION_STAR            shift, and go to state 224
    TILDE                    shift, and go to state 128
    TILDE_AMPERSAND          shift, and go to state 321
    TILDE_VLINE              shift, and go to state 322
    VLINE                    shift, and go to state 388
    _DLR_let                 shift, and go to state 225
    back_quoted              shift, and go to state 27
    distinct_object          shift, and go to state 92
    dollar_dollar_word       shift, and go to state 93
    dollar_word              shift, and go to state 94
    hash                     shift, and go to state 164
    integer                  shift, and go to state 78
    less_sign                shift, and go to state 165
    lower_word               shift, and go to state 29
    rational                 shift, and go to state 79
    real                     shift, and go to state 80
    single_quoted            shift, and go to state 30
    upper_word               shift, and go to state 81

    thf_logic_formula       go to state 589
    thf_binary_formula      go to state 228
    thf_binary_nonassoc     go to state 229
    thf_binary_assoc        go to state 230
    thf_or_formula          go to state 231
    thf_and_formula         go to state 232
    thf_apply_formula       go to state 233
    thf_unit_formula        go to state 234
    thf_unitary_formula     go to state 235
    thf_quantified_formula  go to state 236
    thf_quantification      go to state 237
    thf_unary_formula       go to state 238
    thf_prefix_unary        go to state 239
    thf_infix_unary         go to state 240
    thf_atomic_formula      go to state 241
    thf_plain_atomic        go to state 242
    thf_defined_atomic      go to state 243
    thf_defined_term        go to state 244
    thf_defined_infix       go to state 245
    thf_system_atomic       go to state 246
    thf_let                 go to state 247
    thf_unitary_term        go to state 248
    thf_conn_term           go to state 390
    thf_tuple               go to state 249
    thf_fof_function        go to state 250
    thf_unitary_type        go to state 252
    thf_binary_type         go to state 253
    thf_mapping_type        go to state 254
    thf_xprod_type          go to state 255
    thf_union_type          go to state 256
    thf_definition          go to state 258
    thf_sequent             go to state 259
    nhf_long_connective     go to state 260
    ntf_short_connective    go to state 261
    thf_quantifier          go to state 262
    thf_unary_connective    go to state 392
    th0_quantifier          go to state 264
    type_quantifier         go to state 265
    tff_quantifier          go to state 266
    fof_quantifier          go to state 198
    nonassoc_connective     go to state 393
    assoc_connective        go to state 394
    unary_connective        go to state 267
    infix_equality          go to state 396
    infix_inequality        go to state 397
    constant                go to state 385
    functor                 go to state 271
    defined_constant        go to state 386
    defined_functor         go to state 273
    system_constant         go to state 274
    system_functor          go to state 275
    th1_defined_term        go to state 276
    defined_term            go to state 277
    variable                go to state 278
    atomic_word             go to state 120
    atomic_defined_word     go to state 121
    atomic_system_word      go to state 122
    number                  go to state 123


State 579

  108 thf_unitary_type: thf_unitary_formula .

    $default  reduce using rule 108 (thf_unitary_type)


State 580

  115 thf_xprod_type: thf_unitary_type STAR thf_unitary_type .

    $default  reduce using rule 115 (thf_xprod_type)


State 581

  113 thf_mapping_type: thf_unitary_type . arrow thf_unitary_type
  113                 | thf_unitary_type arrow thf_unitary_type .
  114                 | thf_unitary_type . arrow thf_mapping_type

    arrow  shift, and go to state 418

    $default  reduce using rule 113 (thf_mapping_type)


State 582

  114 thf_mapping_type: thf_unitary_type arrow thf_mapping_type .

    $default  reduce using rule 114 (thf_mapping_type)


State 583

  117 thf_union_type: thf_unitary_type plus thf_unitary_type .

    $default  reduce using rule 117 (thf_union_type)


State 584

  116 thf_xprod_type: thf_xprod_type STAR thf_unitary_type .

    $default  reduce using rule 116 (thf_xprod_type)


State 585

  118 thf_union_type: thf_union_type plus thf_unitary_type .

    $default  reduce using rule 118 (thf_union_type)


State 586

   54 thf_quantification: thf_quantifier LBRKT thf_variable_list . RBRKT COLON

    RBRKT  shift, and go to state 673


State 587

   55 thf_variable_list: thf_typed_variable .
   56                  | thf_typed_variable . COMMA thf_variable_list

    COMMA  shift, and go to state 674

    $default  reduce using rule 55 (thf_variable_list)


State 588

   57 thf_typed_variable: variable . COLON thf_top_level_type

    COLON  shift, and go to state 675


State 589

   52 thf_unitary_formula: LPAREN thf_logic_formula . RPAREN

    RPAREN  shift, and go to state 676


State 590

   43 thf_apply_formula: thf_apply_formula . AT_SIGN thf_unit_formula
  109 thf_apply_type: thf_apply_formula .

    AT_SIGN  shift, and go to state 402

    $default  reduce using rule 109 (thf_apply_type)


State 591

   42 thf_apply_formula: thf_unit_formula . AT_SIGN thf_unit_formula

    AT_SIGN  shift, and go to state 404


State 592

   44 thf_unit_formula: thf_unitary_formula .
  108 thf_unitary_type: thf_unitary_formula .

    AT_SIGN   reduce using rule 44 (thf_unit_formula)
    $default  reduce using rule 108 (thf_unitary_type)


State 593

  103 thf_atom_typing: typeable_atom COLON thf_top_level_type .

    $default  reduce using rule 103 (thf_atom_typing)


State 594

  105 thf_top_level_type: thf_unitary_type .
  113 thf_mapping_type: thf_unitary_type . arrow thf_unitary_type
  114                 | thf_unitary_type . arrow thf_mapping_type

    arrow  shift, and go to state 418

    $default  reduce using rule 105 (thf_top_level_type)


State 595

  107 thf_top_level_type: thf_apply_type .

    $default  reduce using rule 107 (thf_top_level_type)


State 596

  106 thf_top_level_type: thf_mapping_type .

    $default  reduce using rule 106 (thf_top_level_type)


State 597

  119 thf_subtype: atomic_type subtype_sign atomic_type .

    $default  reduce using rule 119 (thf_subtype)


State 598

   99 thf_fof_function: functor LPAREN thf_arguments . RPAREN

    RPAREN  shift, and go to state 677


State 599

  100 thf_arguments: thf_formula_list .

    $default  reduce using rule 100 (thf_arguments)


State 600

   97 thf_fof_function: defined_functor LPAREN thf_arguments . RPAREN

    RPAREN  shift, and go to state 678


State 601

   98 thf_fof_function: system_functor LPAREN thf_arguments . RPAREN

    RPAREN  shift, and go to state 679


State 602

   11 tpi_annotated: _LIT_tpi LPAREN name COMMA formula_role COMMA tpi_formula annotations RPAREN . PERIOD

    PERIOD  shift, and go to state 680


State 603

  427 general_terms: general_term COMMA general_terms .

    $default  reduce using rule 427 (general_terms)


State 604

  422 formula_data: _DLR_cnf LPAREN cnf_formula RPAREN .

    $default  reduce using rule 422 (formula_data)


State 605

  421 formula_data: _DLR_fof LPAREN fof_formula RPAREN .

    $default  reduce using rule 421 (formula_data)


State 606

  423 formula_data: _DLR_fot LPAREN fof_term RPAREN .

    $default  reduce using rule 423 (formula_data)


State 607

  420 formula_data: _DLR_tff LPAREN tff_formula RPAREN .

    $default  reduce using rule 420 (formula_data)


State 608

  419 formula_data: _DLR_thf LPAREN thf_formula RPAREN .

    $default  reduce using rule 419 (formula_data)


State 609

  418 general_function: atomic_word LPAREN general_terms RPAREN .

    $default  reduce using rule 418 (general_function)


State 610

  317 cnf_literal: TILDE LPAREN fof_atomic_formula RPAREN .

    $default  reduce using rule 317 (cnf_literal)


State 611

  378 sources: source .
  379        | source . COMMA sources

    COMMA  shift, and go to state 681

    $default  reduce using rule 378 (sources)


State 612

  377 source: LBRKT sources . RBRKT

    RBRKT  shift, and go to state 682


State 613

  387 file_source: _LIT_file LPAREN . file_name file_info RPAREN

    back_quoted    shift, and go to state 27
    lower_word     shift, and go to state 29
    single_quoted  shift, and go to state 30

    atomic_word  go to state 34
    file_name    go to state 683


State 614

  382 inference_record: _LIT_inference LPAREN . inference_rule COMMA useful_info COMMA parents RPAREN

    back_quoted    shift, and go to state 27
    lower_word     shift, and go to state 29
    single_quoted  shift, and go to state 30

    inference_rule  go to state 684
    atomic_word     go to state 685


State 615

  384 internal_source: _LIT_introduced LPAREN . intro_type COMMA useful_info COMMA parents RPAREN

    back_quoted    shift, and go to state 27
    lower_word     shift, and go to state 29
    single_quoted  shift, and go to state 30

    intro_type   go to state 686
    atomic_word  go to state 687


State 616

  397 optional_info: COMMA . useful_info

    LBRKT  shift, and go to state 71

    useful_info   go to state 688
    general_list  go to state 689


State 617

   18 annotations: COMMA source optional_info .

    $default  reduce using rule 18 (annotations)


State 618

  398 optional_info: nothing .

    $default  reduce using rule 398 (optional_info)


State 619

   17 cnf_annotated: _LIT_cnf LPAREN name COMMA formula_role COMMA cnf_formula annotations RPAREN PERIOD .

    $default  reduce using rule 17 (cnf_annotated)


State 620

  290 fof_plain_term: functor LPAREN fof_arguments RPAREN .

    $default  reduce using rule 290 (fof_plain_term)


State 621

  299 fof_arguments: fof_term COMMA . fof_arguments

    back_quoted         shift, and go to state 27
    distinct_object     shift, and go to state 92
    dollar_dollar_word  shift, and go to state 93
    dollar_word         shift, and go to state 94
    integer             shift, and go to state 78
    lower_word          shift, and go to state 29
    rational            shift, and go to state 79
    real                shift, and go to state 80
    single_quoted       shift, and go to state 30
    upper_word          shift, and go to state 81

    fof_plain_term           go to state 439
    fof_defined_term         go to state 103
    fof_defined_atomic_term  go to state 104
    fof_defined_plain_term   go to state 440
    fof_system_term          go to state 441
    fof_arguments            go to state 690
    fof_term                 go to state 465
    fof_function_term        go to state 108
    constant                 go to state 112
    functor                  go to state 113
    defined_constant         go to state 114
    defined_functor          go to state 115
    system_constant          go to state 116
    system_functor           go to state 117
    defined_term             go to state 118
    variable                 go to state 119
    atomic_word              go to state 120
    atomic_defined_word      go to state 121
    atomic_system_word       go to state 122
    number                   go to state 123


State 622

  295 fof_defined_plain_term: defined_functor LPAREN fof_arguments RPAREN .

    $default  reduce using rule 295 (fof_defined_plain_term)


State 623

  297 fof_system_term: system_functor LPAREN fof_arguments RPAREN .

    $default  reduce using rule 297 (fof_system_term)


State 624

  310 fof_formula_tuple_list: fof_logic_formula COMMA fof_formula_tuple_list .

    $default  reduce using rule 310 (fof_formula_tuple_list)


State 625

   16 fof_annotated: _LIT_fof LPAREN name COMMA formula_role COMMA fof_formula annotations RPAREN PERIOD .

    $default  reduce using rule 16 (fof_annotated)


State 626

  277 fof_quantified_formula: fof_quantifier LBRKT fof_variable_list RBRKT . COLON fof_unit_formula

    COLON  shift, and go to state 691


State 627

  279 fof_variable_list: variable COMMA . fof_variable_list

    upper_word  shift, and go to state 81

    fof_variable_list  go to state 692
    variable           go to state 480


State 628

  254 tcf_quantified_formula: EXCLAMATION LBRKT tff_variable_list RBRKT . COLON tcf_logic_formula

    COLON  shift, and go to state 693


State 629

  152 tff_variable_list: tff_variable COMMA . tff_variable_list

    upper_word  shift, and go to state 81

    tff_variable_list   go to state 694
    tff_variable        go to state 482
    tff_typed_variable  go to state 483
    variable            go to state 484


State 630

  155 tff_typed_variable: variable COLON . tff_atomic_type

    LBRKT          shift, and go to state 487
    LPAREN         shift, and go to state 695
    back_quoted    shift, and go to state 27
    dollar_word    shift, and go to state 94
    lower_word     shift, and go to state 29
    single_quoted  shift, and go to state 30
    upper_word     shift, and go to state 81

    tff_atomic_type      go to state 696
    txf_tuple_type       go to state 495
    type_constant        go to state 497
    type_functor         go to state 498
    defined_type         go to state 499
    variable             go to state 500
    atomic_word          go to state 501
    atomic_defined_word  go to state 502


State 631

   15 tcf_annotated: _LIT_tcf LPAREN name COMMA formula_role COMMA tcf_formula annotations RPAREN PERIOD .

    $default  reduce using rule 15 (tcf_annotated)


State 632

  223 tff_type_list: tff_top_level_type .
  224              | tff_top_level_type . COMMA tff_type_list

    COMMA  shift, and go to state 697

    $default  reduce using rule 223 (tff_type_list)


State 633

  222 txf_tuple_type: LBRKT tff_type_list . RBRKT

    RBRKT  shift, and go to state 698


State 634

  204 tff_non_atomic_type: LPAREN tff_non_atomic_type . RPAREN

    RPAREN  shift, and go to state 699


State 635

  219 tff_mapping_type: tff_unitary_type . arrow tff_atomic_type
  220 tff_xprod_type: tff_unitary_type . STAR tff_atomic_type

    STAR   shift, and go to state 700
    arrow  shift, and go to state 638


State 636

  209 tff_unitary_type: tff_atomic_type .
  215 tff_atomic_type: LPAREN tff_atomic_type . RPAREN

    RPAREN  shift, and go to state 701

    $default  reduce using rule 209 (tff_unitary_type)


State 637

  210 tff_unitary_type: LPAREN tff_xprod_type . RPAREN
  221 tff_xprod_type: tff_xprod_type . STAR tff_atomic_type

    RPAREN  shift, and go to state 702
    STAR    shift, and go to state 703


State 638

  219 tff_mapping_type: tff_unitary_type arrow . tff_atomic_type

    LBRKT          shift, and go to state 487
    LPAREN         shift, and go to state 695
    back_quoted    shift, and go to state 27
    dollar_word    shift, and go to state 94
    lower_word     shift, and go to state 29
    single_quoted  shift, and go to state 30
    upper_word     shift, and go to state 81

    tff_atomic_type      go to state 704
    txf_tuple_type       go to state 495
    type_constant        go to state 497
    type_functor         go to state 498
    defined_type         go to state 499
    variable             go to state 500
    atomic_word          go to state 501
    atomic_defined_word  go to state 502


State 639

  205 tf1_quantified_type: type_quantifier LBRKT . tff_variable_list RBRKT COLON tff_monotype

    upper_word  shift, and go to state 81

    tff_variable_list   go to state 705
    tff_variable        go to state 482
    tff_typed_variable  go to state 483
    variable            go to state 484


State 640

  214 tff_atomic_type: type_functor LPAREN . tff_type_arguments RPAREN

    LBRKT          shift, and go to state 487
    LPAREN         shift, and go to state 695
    back_quoted    shift, and go to state 27
    dollar_word    shift, and go to state 94
    lower_word     shift, and go to state 29
    single_quoted  shift, and go to state 30
    upper_word     shift, and go to state 81

    tff_atomic_type      go to state 706
    tff_type_arguments   go to state 707
    txf_tuple_type       go to state 495
    type_constant        go to state 497
    type_functor         go to state 498
    defined_type         go to state 499
    variable             go to state 500
    atomic_word          go to state 501
    atomic_defined_word  go to state 502


State 641

  245 ntf_index: hash . tff_unitary_term

    LBRACE              shift, and go to state 531
    LBRKT               shift, and go to state 532
    LPAREN              shift, and go to state 533
    _DLR_let            shift, and go to state 163
    back_quoted         shift, and go to state 27
    distinct_object     shift, and go to state 92
    dollar_dollar_word  shift, and go to state 93
    dollar_word         shift, and go to state 94
    integer             shift, and go to state 78
    lower_word          shift, and go to state 29
    rational            shift, and go to state 79
    real                shift, and go to state 80
    single_quoted       shift, and go to state 30
    upper_word          shift, and go to state 81

    tff_atomic_formula   go to state 534
    tff_plain_atomic     go to state 181
    tff_defined_atomic   go to state 182
    tff_defined_plain    go to state 183
    tff_system_atomic    go to state 185
    txf_let              go to state 186
    nxf_atom             go to state 187
    tff_unitary_term     go to state 708
    txf_tuple            go to state 525
    nxf_long_connective  go to state 194
    constant             go to state 348
    functor              go to state 204
    defined_constant     go to state 349
    defined_functor      go to state 206
    system_constant      go to state 207
    system_functor       go to state 208
    defined_term         go to state 209
    variable             go to state 536
    atomic_word          go to state 120
    atomic_defined_word  go to state 121
    atomic_system_word   go to state 122
    number               go to state 123


State 642

  226 txf_definition: tff_atomic_formula . identical tff_term

    EQUALS_EQUALS  shift, and go to state 361

    identical  go to state 362


State 643

  241 nxf_key_pair: txf_definition .

    $default  reduce using rule 241 (nxf_key_pair)


State 644

  236 nxf_long_connective: LBRACE ntf_connective_name LPAREN nxf_parameter_list . RPAREN RBRACE

    RPAREN  shift, and go to state 709


State 645

  237 nxf_parameter_list: nxf_parameter .
  238                   | nxf_parameter . COMMA nxf_parameter_list

    COMMA  shift, and go to state 710

    $default  reduce using rule 237 (nxf_parameter_list)


State 646

  240 nxf_parameter: nxf_key_pair .

    $default  reduce using rule 240 (nxf_parameter)


State 647

  239 nxf_parameter: ntf_index .

    $default  reduce using rule 239 (nxf_parameter)


State 648

  197 tff_arguments: tff_term COMMA tff_arguments .

    $default  reduce using rule 197 (tff_arguments)


State 649

  175 txf_let_types: LBRKT tff_atom_typing_list . RBRKT

    RBRKT  shift, and go to state 711


State 650

  176 tff_atom_typing_list: tff_atom_typing .
  177                     | tff_atom_typing . COMMA tff_atom_typing_list

    COMMA  shift, and go to state 712

    $default  reduce using rule 176 (tff_atom_typing_list)


State 651

  173 txf_let: _DLR_let LPAREN txf_let_types COMMA . txf_let_defns COMMA tff_term RPAREN

    LBRKT          shift, and go to state 713
    back_quoted    shift, and go to state 27
    lower_word     shift, and go to state 29
    single_quoted  shift, and go to state 30

    tff_plain_atomic  go to state 714
    txf_let_defns     go to state 715
    txf_let_defn      go to state 716
    txf_let_LHS       go to state 717
    txf_tuple         go to state 718
    constant          go to state 348
    functor           go to state 204
    atomic_word       go to state 120


State 652

   14 tff_annotated: _LIT_tff LPAREN name COMMA formula_role COMMA tff_formula annotations RPAREN PERIOD .

    $default  reduce using rule 14 (tff_annotated)


State 653

  193 tff_unitary_term: LPAREN tff_logic_formula . RPAREN

    RPAREN  shift, and go to state 719


State 654

  185 nxf_atom: nxf_long_connective AT_SIGN LPAREN tff_arguments . RPAREN

    RPAREN  shift, and go to state 720


State 655

  148 tff_unitary_formula: LPAREN tff_logic_formula RPAREN .

    $default  reduce using rule 148 (tff_unitary_formula)


State 656

  150 tff_quantified_formula: tff_quantifier LBRKT tff_variable_list RBRKT . COLON tff_unit_formula

    COLON  shift, and go to state 721


State 657

  164 tff_plain_atomic: functor LPAREN tff_arguments RPAREN .

    $default  reduce using rule 164 (tff_plain_atomic)


State 658

  167 tff_defined_plain: defined_functor LPAREN tff_arguments RPAREN .

    $default  reduce using rule 167 (tff_defined_plain)


State 659

  172 tff_system_atomic: system_functor LPAREN tff_arguments RPAREN .

    $default  reduce using rule 172 (tff_system_atomic)


State 660

   70 thf_defined_atomic: LPAREN . thf_conn_term RPAREN

    AMPERSAND            shift, and go to state 387
    EQUALS               shift, and go to state 295
    EQUALS_GREATER       shift, and go to state 317
    EXCLAMATION_EQUALS   shift, and go to state 296
    LBRACE               shift, and go to state 722
    LBRKT                shift, and go to state 367
    LESS_EQUALS          shift, and go to state 318
    LESS_EQUALS_GREATER  shift, and go to state 319
    LESS_TILDE_GREATER   shift, and go to state 320
    LPAREN               shift, and go to state 723
    TILDE                shift, and go to state 128
    TILDE_AMPERSAND      shift, and go to state 321
    TILDE_VLINE          shift, and go to state 322
    VLINE                shift, and go to state 388
    less_sign            shift, and go to state 165

    thf_conn_term         go to state 390
    ntf_short_connective  go to state 261
    thf_unary_connective  go to state 724
    nonassoc_connective   go to state 393
    assoc_connective      go to state 394
    unary_connective      go to state 267
    infix_equality        go to state 396
    infix_inequality      go to state 397


State 661

  120 thf_definition: thf_atomic_formula . identical thf_logic_formula

    EQUALS_EQUALS  shift, and go to state 361

    identical  go to state 413


State 662

  234 nhf_key_pair: thf_definition .

    $default  reduce using rule 234 (nhf_key_pair)


State 663

  229 nhf_long_connective: LBRACE ntf_connective_name LPAREN nhf_parameter_list . RPAREN RBRACE

    RPAREN  shift, and go to state 725


State 664

  230 nhf_parameter_list: nhf_parameter .
  231                   | nhf_parameter . COMMA nhf_parameter_list

    COMMA  shift, and go to state 726

    $default  reduce using rule 230 (nhf_parameter_list)


State 665

  233 nhf_parameter: nhf_key_pair .

    $default  reduce using rule 233 (nhf_parameter)


State 666

  232 nhf_parameter: ntf_index .

    $default  reduce using rule 232 (nhf_parameter)


State 667

  102 thf_formula_list: thf_logic_formula COMMA thf_formula_list .

    $default  reduce using rule 102 (thf_formula_list)


State 668

   79 thf_let_types: LBRKT thf_atom_typing_list . RBRKT

    RBRKT  shift, and go to state 727


State 669

   80 thf_atom_typing_list: thf_atom_typing .
   81                     | thf_atom_typing . COMMA thf_atom_typing_list

    COMMA  shift, and go to state 728

    $default  reduce using rule 80 (thf_atom_typing_list)


State 670

   77 thf_let: _DLR_let LPAREN thf_let_types COMMA . thf_let_defns COMMA thf_logic_formula RPAREN

    AT_AT_SIGN_MINUS         shift, and go to state 212
    AT_AT_SIGN_PLUS          shift, and go to state 213
    AT_SIGN_EQUALS           shift, and go to state 214
    AT_SIGN_MINUS            shift, and go to state 215
    AT_SIGN_PLUS             shift, and go to state 216
    CARET                    shift, and go to state 217
    EXCLAMATION              shift, and go to state 124
    EXCLAMATION_EXCLAMATION  shift, and go to state 218
    EXCLAMATION_GREATER      shift, and go to state 219
    LBRACE                   shift, and go to state 220
    LBRKT                    shift, and go to state 729
    LPAREN                   shift, and go to state 381
    QUESTION                 shift, and go to state 127
    QUESTION_QUESTION        shift, and go to state 223
    QUESTION_STAR            shift, and go to state 224
    TILDE                    shift, and go to state 128
    _DLR_let                 shift, and go to state 225
    back_quoted              shift, and go to state 27
    distinct_object          shift, and go to state 92
    dollar_dollar_word       shift, and go to state 93
    dollar_word              shift, and go to state 94
    hash                     shift, and go to state 164
    integer                  shift, and go to state 78
    less_sign                shift, and go to state 165
    lower_word               shift, and go to state 29
    rational                 shift, and go to state 79
    real                     shift, and go to state 80
    single_quoted            shift, and go to state 30
    upper_word               shift, and go to state 81

    thf_logic_formula       go to state 730
    thf_binary_formula      go to state 228
    thf_binary_nonassoc     go to state 229
    thf_binary_assoc        go to state 230
    thf_or_formula          go to state 231
    thf_and_formula         go to state 232
    thf_apply_formula       go to state 233
    thf_unit_formula        go to state 234
    thf_unitary_formula     go to state 235
    thf_quantified_formula  go to state 236
    thf_quantification      go to state 237
    thf_unary_formula       go to state 238
    thf_prefix_unary        go to state 239
    thf_infix_unary         go to state 240
    thf_atomic_formula      go to state 241
    thf_plain_atomic        go to state 242
    thf_defined_atomic      go to state 243
    thf_defined_term        go to state 244
    thf_defined_infix       go to state 245
    thf_system_atomic       go to state 246
    thf_let                 go to state 247
    thf_let_defns           go to state 731
    thf_let_defn            go to state 732
    thf_unitary_term        go to state 248
    thf_tuple               go to state 249
    thf_fof_function        go to state 250
    thf_unitary_type        go to state 252
    thf_binary_type         go to state 253
    thf_mapping_type        go to state 254
    thf_xprod_type          go to state 255
    thf_union_type          go to state 256
    thf_definition          go to state 258
    thf_sequent             go to state 259
    nhf_long_connective     go to state 260
    ntf_short_connective    go to state 261
    thf_quantifier          go to state 262
    thf_unary_connective    go to state 263
    th0_quantifier          go to state 264
    type_quantifier         go to state 265
    tff_quantifier          go to state 266
    fof_quantifier          go to state 198
    unary_connective        go to state 267
    constant                go to state 385
    functor                 go to state 271
    defined_constant        go to state 386
    defined_functor         go to state 273
    system_constant         go to state 274
    system_functor          go to state 275
    th1_defined_term        go to state 276
    defined_term            go to state 277
    variable                go to state 278
    atomic_word             go to state 120
    atomic_defined_word     go to state 121
    atomic_system_word      go to state 122
    number                  go to state 123


State 671

   13 thf_annotated: _LIT_thf LPAREN name COMMA formula_role COMMA thf_formula annotations RPAREN PERIOD .

    $default  reduce using rule 13 (thf_annotated)


State 672

   89 thf_unitary_term: LPAREN thf_logic_formula . RPAREN

    RPAREN  shift, and go to state 733


State 673

   54 thf_quantification: thf_quantifier LBRKT thf_variable_list RBRKT . COLON

    COLON  shift, and go to state 734


State 674

   56 thf_variable_list: thf_typed_variable COMMA . thf_variable_list

    upper_word  shift, and go to state 81

    thf_variable_list   go to state 735
    thf_typed_variable  go to state 587
    variable            go to state 588


State 675

   57 thf_typed_variable: variable COLON . thf_top_level_type

    AT_AT_SIGN_MINUS         shift, and go to state 212
    AT_AT_SIGN_PLUS          shift, and go to state 213
    AT_SIGN_EQUALS           shift, and go to state 214
    AT_SIGN_MINUS            shift, and go to state 215
    AT_SIGN_PLUS             shift, and go to state 216
    CARET                    shift, and go to state 217
    EXCLAMATION              shift, and go to state 124
    EXCLAMATION_EXCLAMATION  shift, and go to state 218
    EXCLAMATION_GREATER      shift, and go to state 219
    LBRACE                   shift, and go to state 220
    LBRKT                    shift, and go to state 221
    LPAREN                   shift, and go to state 381
    QUESTION                 shift, and go to state 127
    QUESTION_QUESTION        shift, and go to state 223
    QUESTION_STAR            shift, and go to state 224
    TILDE                    shift, and go to state 128
    _DLR_let                 shift, and go to state 225
    back_quoted              shift, and go to state 27
    distinct_object          shift, and go to state 92
    dollar_dollar_word       shift, and go to state 93
    dollar_word              shift, and go to state 94
    hash                     shift, and go to state 164
    integer                  shift, and go to state 78
    less_sign                shift, and go to state 165
    lower_word               shift, and go to state 29
    rational                 shift, and go to state 79
    real                     shift, and go to state 80
    single_quoted            shift, and go to state 30
    upper_word               shift, and go to state 81

    thf_apply_formula       go to state 590
    thf_unit_formula        go to state 591
    thf_unitary_formula     go to state 592
    thf_quantified_formula  go to state 236
    thf_quantification      go to state 237
    thf_unary_formula       go to state 409
    thf_prefix_unary        go to state 239
    thf_infix_unary         go to state 240
    thf_atomic_formula      go to state 410
    thf_plain_atomic        go to state 242
    thf_defined_atomic      go to state 243
    thf_defined_term        go to state 244
    thf_defined_infix       go to state 411
    thf_system_atomic       go to state 246
    thf_let                 go to state 247
    thf_unitary_term        go to state 248
    thf_tuple               go to state 412
    thf_fof_function        go to state 250
    thf_top_level_type      go to state 736
    thf_unitary_type        go to state 594
    thf_apply_type          go to state 595
    thf_mapping_type        go to state 596
    nhf_long_connective     go to state 260
    ntf_short_connective    go to state 261
    thf_quantifier          go to state 262
    thf_unary_connective    go to state 263
    th0_quantifier          go to state 264
    type_quantifier         go to state 265
    tff_quantifier          go to state 266
    fof_quantifier          go to state 198
    unary_connective        go to state 267
    constant                go to state 385
    functor                 go to state 271
    defined_constant        go to state 386
    defined_functor         go to state 273
    system_constant         go to state 274
    system_functor          go to state 275
    th1_defined_term        go to state 276
    defined_term            go to state 277
    variable                go to state 278
    atomic_word             go to state 120
    atomic_defined_word     go to state 121
    atomic_system_word      go to state 122
    number                  go to state 123


State 676

   52 thf_unitary_formula: LPAREN thf_logic_formula RPAREN .

    $default  reduce using rule 52 (thf_unitary_formula)


State 677

   99 thf_fof_function: functor LPAREN thf_arguments RPAREN .

    $default  reduce using rule 99 (thf_fof_function)


State 678

   97 thf_fof_function: defined_functor LPAREN thf_arguments RPAREN .

    $default  reduce using rule 97 (thf_fof_function)


State 679

   98 thf_fof_function: system_functor LPAREN thf_arguments RPAREN .

    $default  reduce using rule 98 (thf_fof_function)


State 680

   11 tpi_annotated: _LIT_tpi LPAREN name COMMA formula_role COMMA tpi_formula annotations RPAREN PERIOD .

    $default  reduce using rule 11 (tpi_annotated)


State 681

  379 sources: source COMMA . sources

    LBRKT            shift, and go to state 451
    _LIT_file        shift, and go to state 452
    _LIT_inference   shift, and go to state 453
    _LIT_introduced  shift, and go to state 454
    back_quoted      shift, and go to state 27
    integer          shift, and go to state 28
    lower_word       shift, and go to state 29
    single_quoted    shift, and go to state 30

    source            go to state 611
    sources           go to state 737
    dag_source        go to state 456
    inference_record  go to state 457
    internal_source   go to state 458
    external_source   go to state 459
    file_source       go to state 460
    name              go to state 461
    atomic_word       go to state 32


State 682

  377 source: LBRKT sources RBRKT .

    $default  reduce using rule 377 (source)


State 683

  387 file_source: _LIT_file LPAREN file_name . file_info RPAREN

    COMMA  shift, and go to state 738

    $default  reduce using rule 439 (nothing)

    file_info  go to state 739
    nothing    go to state 740


State 684

  382 inference_record: _LIT_inference LPAREN inference_rule . COMMA useful_info COMMA parents RPAREN

    COMMA  shift, and go to state 741


State 685

  383 inference_rule: atomic_word .

    $default  reduce using rule 383 (inference_rule)


State 686

  384 internal_source: _LIT_introduced LPAREN intro_type . COMMA useful_info COMMA parents RPAREN

    COMMA  shift, and go to state 742


State 687

  385 intro_type: atomic_word .

    $default  reduce using rule 385 (intro_type)


State 688

  397 optional_info: COMMA useful_info .

    $default  reduce using rule 397 (optional_info)


State 689

  399 useful_info: general_list .

    $default  reduce using rule 399 (useful_info)


State 690

  299 fof_arguments: fof_term COMMA fof_arguments .

    $default  reduce using rule 299 (fof_arguments)


State 691

  277 fof_quantified_formula: fof_quantifier LBRKT fof_variable_list RBRKT COLON . fof_unit_formula

    EXCLAMATION         shift, and go to state 124
    LPAREN              shift, and go to state 307
    QUESTION            shift, and go to state 127
    TILDE               shift, and go to state 128
    back_quoted         shift, and go to state 27
    distinct_object     shift, and go to state 92
    dollar_dollar_word  shift, and go to state 93
    dollar_word         shift, and go to state 94
    integer             shift, and go to state 78
    lower_word          shift, and go to state 29
    rational            shift, and go to state 79
    real                shift, and go to state 80
    single_quoted       shift, and go to state 30
    upper_word          shift, and go to state 81

    fof_unary_formula           go to state 328
    fof_infix_unary             go to state 137
    fof_unit_formula            go to state 743
    fof_unitary_formula         go to state 330
    fof_quantified_formula      go to state 140
    fof_atomic_formula          go to state 141
    fof_plain_atomic_formula    go to state 97
    fof_defined_atomic_formula  go to state 98
    fof_defined_plain_formula   go to state 99
    fof_defined_infix_formula   go to state 100
    fof_system_atomic_formula   go to state 101
    fof_plain_term              go to state 102
    fof_defined_term            go to state 103
    fof_defined_atomic_term     go to state 104
    fof_defined_plain_term      go to state 105
    fof_system_term             go to state 106
    fof_term                    go to state 107
    fof_function_term           go to state 108
    fof_quantifier              go to state 144
    unary_connective            go to state 145
    constant                    go to state 112
    functor                     go to state 113
    defined_constant            go to state 114
    defined_functor             go to state 115
    system_constant             go to state 116
    system_functor              go to state 117
    defined_term                go to state 118
    variable                    go to state 119
    atomic_word                 go to state 120
    atomic_defined_word         go to state 121
    atomic_system_word          go to state 122
    number                      go to state 123


State 692

  279 fof_variable_list: variable COMMA fof_variable_list .

    $default  reduce using rule 279 (fof_variable_list)


State 693

  254 tcf_quantified_formula: EXCLAMATION LBRKT tff_variable_list RBRKT COLON . tcf_logic_formula

    EXCLAMATION         shift, and go to state 150
    LPAREN              shift, and go to state 90
    TILDE               shift, and go to state 91
    back_quoted         shift, and go to state 27
    distinct_object     shift, and go to state 92
    dollar_dollar_word  shift, and go to state 93
    dollar_word         shift, and go to state 94
    integer             shift, and go to state 78
    lower_word          shift, and go to state 29
    rational            shift, and go to state 79
    real                shift, and go to state 80
    single_quoted       shift, and go to state 30
    upper_word          shift, and go to state 81

    tcf_logic_formula           go to state 744
    tcf_quantified_formula      go to state 156
    fof_infix_unary             go to state 95
    fof_atomic_formula          go to state 96
    fof_plain_atomic_formula    go to state 97
    fof_defined_atomic_formula  go to state 98
    fof_defined_plain_formula   go to state 99
    fof_defined_infix_formula   go to state 100
    fof_system_atomic_formula   go to state 101
    fof_plain_term              go to state 102
    fof_defined_term            go to state 103
    fof_defined_atomic_term     go to state 104
    fof_defined_plain_term      go to state 105
    fof_system_term             go to state 106
    fof_term                    go to state 107
    fof_function_term           go to state 108
    cnf_formula                 go to state 157
    cnf_disjunction             go to state 110
    cnf_literal                 go to state 111
    constant                    go to state 112
    functor                     go to state 113
    defined_constant            go to state 114
    defined_functor             go to state 115
    system_constant             go to state 116
    system_functor              go to state 117
    defined_term                go to state 118
    variable                    go to state 119
    atomic_word                 go to state 120
    atomic_defined_word         go to state 121
    atomic_system_word          go to state 122
    number                      go to state 123


State 694

  152 tff_variable_list: tff_variable COMMA tff_variable_list .

    $default  reduce using rule 152 (tff_variable_list)


State 695

  215 tff_atomic_type: LPAREN . tff_atomic_type RPAREN

    LBRKT          shift, and go to state 487
    LPAREN         shift, and go to state 695
    back_quoted    shift, and go to state 27
    dollar_word    shift, and go to state 94
    lower_word     shift, and go to state 29
    single_quoted  shift, and go to state 30
    upper_word     shift, and go to state 81

    tff_atomic_type      go to state 745
    txf_tuple_type       go to state 495
    type_constant        go to state 497
    type_functor         go to state 498
    defined_type         go to state 499
    variable             go to state 500
    atomic_word          go to state 501
    atomic_defined_word  go to state 502


State 696

  155 tff_typed_variable: variable COLON tff_atomic_type .

    $default  reduce using rule 155 (tff_typed_variable)


State 697

  224 tff_type_list: tff_top_level_type COMMA . tff_type_list

    EXCLAMATION_GREATER  shift, and go to state 219
    LBRKT                shift, and go to state 487
    LPAREN               shift, and go to state 488
    QUESTION_STAR        shift, and go to state 224
    back_quoted          shift, and go to state 27
    dollar_word          shift, and go to state 94
    lower_word           shift, and go to state 29
    single_quoted        shift, and go to state 30
    upper_word           shift, and go to state 81

    tff_top_level_type   go to state 632
    tff_non_atomic_type  go to state 490
    tf1_quantified_type  go to state 491
    tff_unitary_type     go to state 492
    tff_atomic_type      go to state 493
    tff_mapping_type     go to state 494
    txf_tuple_type       go to state 495
    tff_type_list        go to state 746
    type_quantifier      go to state 496
    type_constant        go to state 497
    type_functor         go to state 498
    defined_type         go to state 499
    variable             go to state 500
    atomic_word          go to state 501
    atomic_defined_word  go to state 502


State 698

  222 txf_tuple_type: LBRKT tff_type_list RBRKT .

    $default  reduce using rule 222 (txf_tuple_type)


State 699

  204 tff_non_atomic_type: LPAREN tff_non_atomic_type RPAREN .

    $default  reduce using rule 204 (tff_non_atomic_type)


State 700

  220 tff_xprod_type: tff_unitary_type STAR . tff_atomic_type

    LBRKT          shift, and go to state 487
    LPAREN         shift, and go to state 695
    back_quoted    shift, and go to state 27
    dollar_word    shift, and go to state 94
    lower_word     shift, and go to state 29
    single_quoted  shift, and go to state 30
    upper_word     shift, and go to state 81

    tff_atomic_type      go to state 747
    txf_tuple_type       go to state 495
    type_constant        go to state 497
    type_functor         go to state 498
    defined_type         go to state 499
    variable             go to state 500
    atomic_word          go to state 501
    atomic_defined_word  go to state 502


State 701

  215 tff_atomic_type: LPAREN tff_atomic_type RPAREN .

    $default  reduce using rule 215 (tff_atomic_type)


State 702

  210 tff_unitary_type: LPAREN tff_xprod_type RPAREN .

    $default  reduce using rule 210 (tff_unitary_type)


State 703

  221 tff_xprod_type: tff_xprod_type STAR . tff_atomic_type

    LBRKT          shift, and go to state 487
    LPAREN         shift, and go to state 695
    back_quoted    shift, and go to state 27
    dollar_word    shift, and go to state 94
    lower_word     shift, and go to state 29
    single_quoted  shift, and go to state 30
    upper_word     shift, and go to state 81

    tff_atomic_type      go to state 748
    txf_tuple_type       go to state 495
    type_constant        go to state 497
    type_functor         go to state 498
    defined_type         go to state 499
    variable             go to state 500
    atomic_word          go to state 501
    atomic_defined_word  go to state 502


State 704

  219 tff_mapping_type: tff_unitary_type arrow tff_atomic_type .

    $default  reduce using rule 219 (tff_mapping_type)


State 705

  205 tf1_quantified_type: type_quantifier LBRKT tff_variable_list . RBRKT COLON tff_monotype

    RBRKT  shift, and go to state 749


State 706

  217 tff_type_arguments: tff_atomic_type .
  218                   | tff_atomic_type . COMMA tff_type_arguments

    COMMA  shift, and go to state 750

    $default  reduce using rule 217 (tff_type_arguments)


State 707

  214 tff_atomic_type: type_functor LPAREN tff_type_arguments . RPAREN

    RPAREN  shift, and go to state 751


State 708

  245 ntf_index: hash tff_unitary_term .

    $default  reduce using rule 245 (ntf_index)


State 709

  236 nxf_long_connective: LBRACE ntf_connective_name LPAREN nxf_parameter_list RPAREN . RBRACE

    RBRACE  shift, and go to state 752


State 710

  238 nxf_parameter_list: nxf_parameter COMMA . nxf_parameter_list

    LBRACE              shift, and go to state 531
    _DLR_let            shift, and go to state 163
    back_quoted         shift, and go to state 27
    dollar_dollar_word  shift, and go to state 93
    dollar_word         shift, and go to state 94
    hash                shift, and go to state 641
    lower_word          shift, and go to state 29
    single_quoted       shift, and go to state 30

    tff_atomic_formula   go to state 642
    tff_plain_atomic     go to state 181
    tff_defined_atomic   go to state 182
    tff_defined_plain    go to state 183
    tff_system_atomic    go to state 185
    txf_let              go to state 186
    nxf_atom             go to state 187
    txf_definition       go to state 643
    nxf_long_connective  go to state 194
    nxf_parameter_list   go to state 753
    nxf_parameter        go to state 645
    nxf_key_pair         go to state 646
    ntf_index            go to state 647
    constant             go to state 348
    functor              go to state 204
    defined_constant     go to state 349
    defined_functor      go to state 206
    system_constant      go to state 207
    system_functor       go to state 208
    atomic_word          go to state 120
    atomic_defined_word  go to state 121
    atomic_system_word   go to state 122


State 711

  175 txf_let_types: LBRKT tff_atom_typing_list RBRKT .

    $default  reduce using rule 175 (txf_let_types)


State 712

  177 tff_atom_typing_list: tff_atom_typing COMMA . tff_atom_typing_list

    LPAREN           shift, and go to state 512
    back_quoted      shift, and go to state 27
    distinct_object  shift, and go to state 513
    lower_word       shift, and go to state 29
    single_quoted    shift, and go to state 30

    tff_atom_typing_list  go to state 754
    tff_atom_typing       go to state 650
    typeable_atom         go to state 158
    constant              go to state 516
    functor               go to state 517
    atomic_word           go to state 120


State 713

  179 txf_let_defns: LBRKT . txf_let_defn_list RBRKT
  194 txf_tuple: LBRKT . RBRKT
  195          | LBRKT . tff_arguments RBRKT

    EXCLAMATION         shift, and go to state 124
    LBRACE              shift, and go to state 160
    LBRKT               shift, and go to state 161
    LPAREN              shift, and go to state 341
    QUESTION            shift, and go to state 127
    RBRKT               shift, and go to state 343
    TILDE               shift, and go to state 128
    _DLR_let            shift, and go to state 163
    back_quoted         shift, and go to state 27
    distinct_object     shift, and go to state 92
    dollar_dollar_word  shift, and go to state 93
    dollar_word         shift, and go to state 94
    hash                shift, and go to state 164
    integer             shift, and go to state 78
    less_sign           shift, and go to state 165
    lower_word          shift, and go to state 29
    rational            shift, and go to state 79
    real                shift, and go to state 80
    single_quoted       shift, and go to state 30
    upper_word          shift, and go to state 81

    tff_logic_formula       go to state 344
    tff_binary_formula      go to state 168
    tff_binary_nonassoc     go to state 169
    tff_binary_assoc        go to state 170
    tff_or_formula          go to state 171
    tff_and_formula         go to state 172
    tff_unit_formula        go to state 173
    tff_unitary_formula     go to state 174
    txf_unitary_formula     go to state 175
    tff_quantified_formula  go to state 176
    tff_unary_formula       go to state 177
    tff_prefix_unary        go to state 178
    tff_infix_unary         go to state 179
    tff_atomic_formula      go to state 180
    tff_plain_atomic        go to state 755
    tff_defined_atomic      go to state 182
    tff_defined_plain       go to state 183
    tff_defined_infix       go to state 184
    tff_system_atomic       go to state 185
    txf_let                 go to state 186
    txf_let_defn            go to state 756
    txf_let_LHS             go to state 717
    txf_let_defn_list       go to state 757
    nxf_atom                go to state 187
    tff_term                go to state 345
    tff_unitary_term        go to state 188
    txf_tuple               go to state 758
    tff_arguments           go to state 347
    txf_definition          go to state 192
    txf_sequent             go to state 193
    nxf_long_connective     go to state 194
    ntf_short_connective    go to state 195
    tff_unary_connective    go to state 196
    tff_quantifier          go to state 197
    fof_quantifier          go to state 198
    unary_connective        go to state 199
    constant                go to state 348
    functor                 go to state 204
    defined_constant        go to state 349
    defined_functor         go to state 206
    system_constant         go to state 207
    system_functor          go to state 208
    defined_term            go to state 350
    variable                go to state 210
    atomic_word             go to state 120
    atomic_defined_word     go to state 121
    atomic_system_word      go to state 122
    number                  go to state 123


State 714

  181 txf_let_LHS: tff_plain_atomic .

    $default  reduce using rule 181 (txf_let_LHS)


State 715

  173 txf_let: _DLR_let LPAREN txf_let_types COMMA txf_let_defns . COMMA tff_term RPAREN

    COMMA  shift, and go to state 759


State 716

  178 txf_let_defns: txf_let_defn .

    $default  reduce using rule 178 (txf_let_defns)


State 717

  180 txf_let_defn: txf_let_LHS . assignment tff_term

    COLON_EQUALS  shift, and go to state 760

    assignment  go to state 761


State 718

  182 txf_let_LHS: txf_tuple .

    $default  reduce using rule 182 (txf_let_LHS)


State 719

  193 tff_unitary_term: LPAREN tff_logic_formula RPAREN .

    $default  reduce using rule 193 (tff_unitary_term)


State 720

  185 nxf_atom: nxf_long_connective AT_SIGN LPAREN tff_arguments RPAREN .

    $default  reduce using rule 185 (nxf_atom)


State 721

  150 tff_quantified_formula: tff_quantifier LBRKT tff_variable_list RBRKT COLON . tff_unit_formula

    EXCLAMATION         shift, and go to state 124
    LBRACE              shift, and go to state 160
    LBRKT               shift, and go to state 161
    LPAREN              shift, and go to state 341
    QUESTION            shift, and go to state 127
    TILDE               shift, and go to state 128
    _DLR_let            shift, and go to state 163
    back_quoted         shift, and go to state 27
    distinct_object     shift, and go to state 92
    dollar_dollar_word  shift, and go to state 93
    dollar_word         shift, and go to state 94
    hash                shift, and go to state 164
    integer             shift, and go to state 78
    less_sign           shift, and go to state 165
    lower_word          shift, and go to state 29
    rational            shift, and go to state 79
    real                shift, and go to state 80
    single_quoted       shift, and go to state 30
    upper_word          shift, and go to state 81

    tff_unit_formula        go to state 762
    tff_unitary_formula     go to state 521
    txf_unitary_formula     go to state 175
    tff_quantified_formula  go to state 176
    tff_unary_formula       go to state 522
    tff_prefix_unary        go to state 178
    tff_infix_unary         go to state 179
    tff_atomic_formula      go to state 523
    tff_plain_atomic        go to state 181
    tff_defined_atomic      go to state 182
    tff_defined_plain       go to state 183
    tff_defined_infix       go to state 524
    tff_system_atomic       go to state 185
    txf_let                 go to state 186
    nxf_atom                go to state 187
    tff_unitary_term        go to state 188
    txf_tuple               go to state 525
    nxf_long_connective     go to state 194
    ntf_short_connective    go to state 195
    tff_unary_connective    go to state 196
    tff_quantifier          go to state 197
    fof_quantifier          go to state 198
    unary_connective        go to state 199
    constant                go to state 348
    functor                 go to state 204
    defined_constant        go to state 349
    defined_functor         go to state 206
    system_constant         go to state 207
    system_functor          go to state 208
    defined_term            go to state 209
    variable                go to state 210
    atomic_word             go to state 120
    atomic_defined_word     go to state 121
    atomic_system_word      go to state 122
    number                  go to state 123


State 722

  248 ntf_short_connective: LBRACE . PERIOD RBRACE

    PERIOD  shift, and go to state 336


State 723

  249 ntf_short_connective: LPAREN . PERIOD RPAREN

    PERIOD  shift, and go to state 351


State 724

   94 thf_conn_term: thf_unary_connective .

    $default  reduce using rule 94 (thf_conn_term)


State 725

  229 nhf_long_connective: LBRACE ntf_connective_name LPAREN nhf_parameter_list RPAREN . RBRACE

    RBRACE  shift, and go to state 763


State 726

  231 nhf_parameter_list: nhf_parameter COMMA . nhf_parameter_list

    AT_AT_SIGN_MINUS         shift, and go to state 212
    AT_AT_SIGN_PLUS          shift, and go to state 213
    AT_SIGN_EQUALS           shift, and go to state 214
    EXCLAMATION_EXCLAMATION  shift, and go to state 218
    LBRACE                   shift, and go to state 570
    LBRKT                    shift, and go to state 571
    LPAREN                   shift, and go to state 660
    QUESTION_QUESTION        shift, and go to state 223
    _DLR_let                 shift, and go to state 225
    back_quoted              shift, and go to state 27
    distinct_object          shift, and go to state 92
    dollar_dollar_word       shift, and go to state 93
    dollar_word              shift, and go to state 94
    hash                     shift, and go to state 641
    integer                  shift, and go to state 78
    lower_word               shift, and go to state 29
    rational                 shift, and go to state 79
    real                     shift, and go to state 80
    single_quoted            shift, and go to state 30

    thf_atomic_formula   go to state 661
    thf_plain_atomic     go to state 242
    thf_defined_atomic   go to state 243
    thf_defined_term     go to state 244
    thf_system_atomic    go to state 246
    thf_let              go to state 247
    thf_tuple            go to state 412
    thf_fof_function     go to state 250
    thf_definition       go to state 662
    nhf_long_connective  go to state 260
    nhf_parameter_list   go to state 764
    nhf_parameter        go to state 664
    nhf_key_pair         go to state 665
    ntf_index            go to state 666
    constant             go to state 385
    functor              go to state 271
    defined_constant     go to state 386
    defined_functor      go to state 273
    system_constant      go to state 274
    system_functor       go to state 275
    th1_defined_term     go to state 276
    defined_term         go to state 277
    atomic_word          go to state 120
    atomic_defined_word  go to state 121
    atomic_system_word   go to state 122
    number               go to state 123


State 727

   79 thf_let_types: LBRKT thf_atom_typing_list RBRKT .

    $default  reduce using rule 79 (thf_let_types)


State 728

   81 thf_atom_typing_list: thf_atom_typing COMMA . thf_atom_typing_list

    LPAREN           shift, and go to state 558
    back_quoted      shift, and go to state 27
    distinct_object  shift, and go to state 513
    lower_word       shift, and go to state 29
    single_quoted    shift, and go to state 30

    thf_atom_typing_list  go to state 765
    thf_atom_typing       go to state 669
    typeable_atom         go to state 395
    constant              go to state 516
    functor               go to state 517
    atomic_word           go to state 120


State 729

   83 thf_let_defns: LBRKT . thf_let_defn_list RBRKT
   95 thf_tuple: LBRKT . RBRKT
   96          | LBRKT . thf_formula_list RBRKT
  246 ntf_short_connective: LBRKT . PERIOD RBRKT

    AT_AT_SIGN_MINUS         shift, and go to state 212
    AT_AT_SIGN_PLUS          shift, and go to state 213
    AT_SIGN_EQUALS           shift, and go to state 214
    AT_SIGN_MINUS            shift, and go to state 215
    AT_SIGN_PLUS             shift, and go to state 216
    CARET                    shift, and go to state 217
    EXCLAMATION              shift, and go to state 124
    EXCLAMATION_EXCLAMATION  shift, and go to state 218
    EXCLAMATION_GREATER      shift, and go to state 219
    LBRACE                   shift, and go to state 220
    LBRKT                    shift, and go to state 221
    LPAREN                   shift, and go to state 381
    PERIOD                   shift, and go to state 342
    QUESTION                 shift, and go to state 127
    QUESTION_QUESTION        shift, and go to state 223
    QUESTION_STAR            shift, and go to state 224
    RBRKT                    shift, and go to state 382
    TILDE                    shift, and go to state 128
    _DLR_let                 shift, and go to state 225
    back_quoted              shift, and go to state 27
    distinct_object          shift, and go to state 92
    dollar_dollar_word       shift, and go to state 93
    dollar_word              shift, and go to state 94
    hash                     shift, and go to state 164
    integer                  shift, and go to state 78
    less_sign                shift, and go to state 165
    lower_word               shift, and go to state 29
    rational                 shift, and go to state 79
    real                     shift, and go to state 80
    single_quoted            shift, and go to state 30
    upper_word               shift, and go to state 81

    thf_logic_formula       go to state 766
    thf_binary_formula      go to state 228
    thf_binary_nonassoc     go to state 229
    thf_binary_assoc        go to state 230
    thf_or_formula          go to state 231
    thf_and_formula         go to state 232
    thf_apply_formula       go to state 233
    thf_unit_formula        go to state 234
    thf_unitary_formula     go to state 235
    thf_quantified_formula  go to state 236
    thf_quantification      go to state 237
    thf_unary_formula       go to state 238
    thf_prefix_unary        go to state 239
    thf_infix_unary         go to state 240
    thf_atomic_formula      go to state 241
    thf_plain_atomic        go to state 242
    thf_defined_atomic      go to state 243
    thf_defined_term        go to state 244
    thf_defined_infix       go to state 245
    thf_system_atomic       go to state 246
    thf_let                 go to state 247
    thf_let_defn            go to state 767
    thf_let_defn_list       go to state 768
    thf_unitary_term        go to state 248
    thf_tuple               go to state 249
    thf_fof_function        go to state 250
    thf_formula_list        go to state 384
    thf_unitary_type        go to state 252
    thf_binary_type         go to state 253
    thf_mapping_type        go to state 254
    thf_xprod_type          go to state 255
    thf_union_type          go to state 256
    thf_definition          go to state 258
    thf_sequent             go to state 259
    nhf_long_connective     go to state 260
    ntf_short_connective    go to state 261
    thf_quantifier          go to state 262
    thf_unary_connective    go to state 263
    th0_quantifier          go to state 264
    type_quantifier         go to state 265
    tff_quantifier          go to state 266
    fof_quantifier          go to state 198
    unary_connective        go to state 267
    constant                go to state 385
    functor                 go to state 271
    defined_constant        go to state 386
    defined_functor         go to state 273
    system_constant         go to state 274
    system_functor          go to state 275
    th1_defined_term        go to state 276
    defined_term            go to state 277
    variable                go to state 278
    atomic_word             go to state 120
    atomic_defined_word     go to state 121
    atomic_system_word      go to state 122
    number                  go to state 123


State 730

   84 thf_let_defn: thf_logic_formula . assignment thf_logic_formula

    COLON_EQUALS  shift, and go to state 760

    assignment  go to state 769


State 731

   77 thf_let: _DLR_let LPAREN thf_let_types COMMA thf_let_defns . COMMA thf_logic_formula RPAREN

    COMMA  shift, and go to state 770


State 732

   82 thf_let_defns: thf_let_defn .

    $default  reduce using rule 82 (thf_let_defns)


State 733

   89 thf_unitary_term: LPAREN thf_logic_formula RPAREN .

    $default  reduce using rule 89 (thf_unitary_term)


State 734

   54 thf_quantification: thf_quantifier LBRKT thf_variable_list RBRKT COLON .

    $default  reduce using rule 54 (thf_quantification)


State 735

   56 thf_variable_list: thf_typed_variable COMMA thf_variable_list .

    $default  reduce using rule 56 (thf_variable_list)


State 736

   57 thf_typed_variable: variable COLON thf_top_level_type .

    $default  reduce using rule 57 (thf_typed_variable)


State 737

  379 sources: source COMMA sources .

    $default  reduce using rule 379 (sources)


State 738

  388 file_info: COMMA . name

    back_quoted    shift, and go to state 27
    integer        shift, and go to state 28
    lower_word     shift, and go to state 29
    single_quoted  shift, and go to state 30

    name         go to state 771
    atomic_word  go to state 32


State 739

  387 file_source: _LIT_file LPAREN file_name file_info . RPAREN

    RPAREN  shift, and go to state 772


State 740

  389 file_info: nothing .

    $default  reduce using rule 389 (file_info)


State 741

  382 inference_record: _LIT_inference LPAREN inference_rule COMMA . useful_info COMMA parents RPAREN

    LBRKT  shift, and go to state 71

    useful_info   go to state 773
    general_list  go to state 689


State 742

  384 internal_source: _LIT_introduced LPAREN intro_type COMMA . useful_info COMMA parents RPAREN

    LBRKT  shift, and go to state 71

    useful_info   go to state 774
    general_list  go to state 689


State 743

  277 fof_quantified_formula: fof_quantifier LBRKT fof_variable_list RBRKT COLON fof_unit_formula .

    $default  reduce using rule 277 (fof_quantified_formula)


State 744

  254 tcf_quantified_formula: EXCLAMATION LBRKT tff_variable_list RBRKT COLON tcf_logic_formula .

    $default  reduce using rule 254 (tcf_quantified_formula)


State 745

  215 tff_atomic_type: LPAREN tff_atomic_type . RPAREN

    RPAREN  shift, and go to state 701


State 746

  224 tff_type_list: tff_top_level_type COMMA tff_type_list .

    $default  reduce using rule 224 (tff_type_list)


State 747

  220 tff_xprod_type: tff_unitary_type STAR tff_atomic_type .

    $default  reduce using rule 220 (tff_xprod_type)


State 748

  221 tff_xprod_type: tff_xprod_type STAR tff_atomic_type .

    $default  reduce using rule 221 (tff_xprod_type)


State 749

  205 tf1_quantified_type: type_quantifier LBRKT tff_variable_list RBRKT . COLON tff_monotype

    COLON  shift, and go to state 775


State 750

  218 tff_type_arguments: tff_atomic_type COMMA . tff_type_arguments

    LBRKT          shift, and go to state 487
    LPAREN         shift, and go to state 695
    back_quoted    shift, and go to state 27
    dollar_word    shift, and go to state 94
    lower_word     shift, and go to state 29
    single_quoted  shift, and go to state 30
    upper_word     shift, and go to state 81

    tff_atomic_type      go to state 706
    tff_type_arguments   go to state 776
    txf_tuple_type       go to state 495
    type_constant        go to state 497
    type_functor         go to state 498
    defined_type         go to state 499
    variable             go to state 500
    atomic_word          go to state 501
    atomic_defined_word  go to state 502


State 751

  214 tff_atomic_type: type_functor LPAREN tff_type_arguments RPAREN .

    $default  reduce using rule 214 (tff_atomic_type)


State 752

  236 nxf_long_connective: LBRACE ntf_connective_name LPAREN nxf_parameter_list RPAREN RBRACE .

    $default  reduce using rule 236 (nxf_long_connective)


State 753

  238 nxf_parameter_list: nxf_parameter COMMA nxf_parameter_list .

    $default  reduce using rule 238 (nxf_parameter_list)


State 754

  177 tff_atom_typing_list: tff_atom_typing COMMA tff_atom_typing_list .

    $default  reduce using rule 177 (tff_atom_typing_list)


State 755

  160 tff_atomic_formula: tff_plain_atomic .
  181 txf_let_LHS: tff_plain_atomic .

    COLON_EQUALS  reduce using rule 181 (txf_let_LHS)
    $default      reduce using rule 160 (tff_atomic_formula)


State 756

  183 txf_let_defn_list: txf_let_defn .
  184                  | txf_let_defn . COMMA txf_let_defn_list

    COMMA  shift, and go to state 777

    $default  reduce using rule 183 (txf_let_defn_list)


State 757

  179 txf_let_defns: LBRKT txf_let_defn_list . RBRKT

    RBRKT  shift, and go to state 778


State 758

  182 txf_let_LHS: txf_tuple .
  188 tff_term: txf_tuple .
  191 tff_unitary_term: txf_tuple .
  227 txf_sequent: txf_tuple . gentzen_arrow txf_tuple

    MINUS_MINUS_GREATER  shift, and go to state 325

    COLON_EQUALS        reduce using rule 182 (txf_let_LHS)
    EQUALS              reduce using rule 191 (tff_unitary_term)
    EXCLAMATION_EQUALS  reduce using rule 191 (tff_unitary_term)
    $default            reduce using rule 188 (tff_term)

    gentzen_arrow  go to state 365


State 759

  173 txf_let: _DLR_let LPAREN txf_let_types COMMA txf_let_defns COMMA . tff_term RPAREN

    EXCLAMATION         shift, and go to state 124
    LBRACE              shift, and go to state 160
    LBRKT               shift, and go to state 161
    LPAREN              shift, and go to state 341
    QUESTION            shift, and go to state 127
    TILDE               shift, and go to state 128
    _DLR_let            shift, and go to state 163
    back_quoted         shift, and go to state 27
    distinct_object     shift, and go to state 92
    dollar_dollar_word  shift, and go to state 93
    dollar_word         shift, and go to state 94
    hash                shift, and go to state 164
    integer             shift, and go to state 78
    less_sign           shift, and go to state 165
    lower_word          shift, and go to state 29
    rational            shift, and go to state 79
    real                shift, and go to state 80
    single_quoted       shift, and go to state 30
    upper_word          shift, and go to state 81

    tff_logic_formula       go to state 344
    tff_binary_formula      go to state 168
    tff_binary_nonassoc     go to state 169
    tff_binary_assoc        go to state 170
    tff_or_formula          go to state 171
    tff_and_formula         go to state 172
    tff_unit_formula        go to state 173
    tff_unitary_formula     go to state 174
    txf_unitary_formula     go to state 175
    tff_quantified_formula  go to state 176
    tff_unary_formula       go to state 177
    tff_prefix_unary        go to state 178
    tff_infix_unary         go to state 179
    tff_atomic_formula      go to state 180
    tff_plain_atomic        go to state 181
    tff_defined_atomic      go to state 182
    tff_defined_plain       go to state 183
    tff_defined_infix       go to state 184
    tff_system_atomic       go to state 185
    txf_let                 go to state 186
    nxf_atom                go to state 187
    tff_term                go to state 779
    tff_unitary_term        go to state 188
    txf_tuple               go to state 346
    txf_definition          go to state 192
    txf_sequent             go to state 193
    nxf_long_connective     go to state 194
    ntf_short_connective    go to state 195
    tff_unary_connective    go to state 196
    tff_quantifier          go to state 197
    fof_quantifier          go to state 198
    unary_connective        go to state 199
    constant                go to state 348
    functor                 go to state 204
    defined_constant        go to state 349
    defined_functor         go to state 206
    system_constant         go to state 207
    system_functor          go to state 208
    defined_term            go to state 350
    variable                go to state 210
    atomic_word             go to state 120
    atomic_defined_word     go to state 121
    atomic_system_word      go to state 122
    number                  go to state 123


State 760

  346 assignment: COLON_EQUALS .

    $default  reduce using rule 346 (assignment)


State 761

  180 txf_let_defn: txf_let_LHS assignment . tff_term

    EXCLAMATION         shift, and go to state 124
    LBRACE              shift, and go to state 160
    LBRKT               shift, and go to state 161
    LPAREN              shift, and go to state 341
    QUESTION            shift, and go to state 127
    TILDE               shift, and go to state 128
    _DLR_let            shift, and go to state 163
    back_quoted         shift, and go to state 27
    distinct_object     shift, and go to state 92
    dollar_dollar_word  shift, and go to state 93
    dollar_word         shift, and go to state 94
    hash                shift, and go to state 164
    integer             shift, and go to state 78
    less_sign           shift, and go to state 165
    lower_word          shift, and go to state 29
    rational            shift, and go to state 79
    real                shift, and go to state 80
    single_quoted       shift, and go to state 30
    upper_word          shift, and go to state 81

    tff_logic_formula       go to state 344
    tff_binary_formula      go to state 168
    tff_binary_nonassoc     go to state 169
    tff_binary_assoc        go to state 170
    tff_or_formula          go to state 171
    tff_and_formula         go to state 172
    tff_unit_formula        go to state 173
    tff_unitary_formula     go to state 174
    txf_unitary_formula     go to state 175
    tff_quantified_formula  go to state 176
    tff_unary_formula       go to state 177
    tff_prefix_unary        go to state 178
    tff_infix_unary         go to state 179
    tff_atomic_formula      go to state 180
    tff_plain_atomic        go to state 181
    tff_defined_atomic      go to state 182
    tff_defined_plain       go to state 183
    tff_defined_infix       go to state 184
    tff_system_atomic       go to state 185
    txf_let                 go to state 186
    nxf_atom                go to state 187
    tff_term                go to state 780
    tff_unitary_term        go to state 188
    txf_tuple               go to state 346
    txf_definition          go to state 192
    txf_sequent             go to state 193
    nxf_long_connective     go to state 194
    ntf_short_connective    go to state 195
    tff_unary_connective    go to state 196
    tff_quantifier          go to state 197
    fof_quantifier          go to state 198
    unary_connective        go to state 199
    constant                go to state 348
    functor                 go to state 204
    defined_constant        go to state 349
    defined_functor         go to state 206
    system_constant         go to state 207
    system_functor          go to state 208
    defined_term            go to state 350
    variable                go to state 210
    atomic_word             go to state 120
    atomic_defined_word     go to state 121
    atomic_system_word      go to state 122
    number                  go to state 123


State 762

  150 tff_quantified_formula: tff_quantifier LBRKT tff_variable_list RBRKT COLON tff_unit_formula .

    $default  reduce using rule 150 (tff_quantified_formula)


State 763

  229 nhf_long_connective: LBRACE ntf_connective_name LPAREN nhf_parameter_list RPAREN RBRACE .

    $default  reduce using rule 229 (nhf_long_connective)


State 764

  231 nhf_parameter_list: nhf_parameter COMMA nhf_parameter_list .

    $default  reduce using rule 231 (nhf_parameter_list)


State 765

   81 thf_atom_typing_list: thf_atom_typing COMMA thf_atom_typing_list .

    $default  reduce using rule 81 (thf_atom_typing_list)


State 766

   84 thf_let_defn: thf_logic_formula . assignment thf_logic_formula
  101 thf_formula_list: thf_logic_formula .
  102                 | thf_logic_formula . COMMA thf_formula_list

    COLON_EQUALS  shift, and go to state 760
    COMMA         shift, and go to state 552

    $default  reduce using rule 101 (thf_formula_list)

    assignment  go to state 769


State 767

   85 thf_let_defn_list: thf_let_defn .
   86                  | thf_let_defn . COMMA thf_let_defn_list

    COMMA  shift, and go to state 781

    $default  reduce using rule 85 (thf_let_defn_list)


State 768

   83 thf_let_defns: LBRKT thf_let_defn_list . RBRKT

    RBRKT  shift, and go to state 782


State 769

   84 thf_let_defn: thf_logic_formula assignment . thf_logic_formula

    AT_AT_SIGN_MINUS         shift, and go to state 212
    AT_AT_SIGN_PLUS          shift, and go to state 213
    AT_SIGN_EQUALS           shift, and go to state 214
    AT_SIGN_MINUS            shift, and go to state 215
    AT_SIGN_PLUS             shift, and go to state 216
    CARET                    shift, and go to state 217
    EXCLAMATION              shift, and go to state 124
    EXCLAMATION_EXCLAMATION  shift, and go to state 218
    EXCLAMATION_GREATER      shift, and go to state 219
    LBRACE                   shift, and go to state 220
    LBRKT                    shift, and go to state 221
    LPAREN                   shift, and go to state 381
    QUESTION                 shift, and go to state 127
    QUESTION_QUESTION        shift, and go to state 223
    QUESTION_STAR            shift, and go to state 224
    TILDE                    shift, and go to state 128
    _DLR_let                 shift, and go to state 225
    back_quoted              shift, and go to state 27
    distinct_object          shift, and go to state 92
    dollar_dollar_word       shift, and go to state 93
    dollar_word              shift, and go to state 94
    hash                     shift, and go to state 164
    integer                  shift, and go to state 78
    less_sign                shift, and go to state 165
    lower_word               shift, and go to state 29
    rational                 shift, and go to state 79
    real                     shift, and go to state 80
    single_quoted            shift, and go to state 30
    upper_word               shift, and go to state 81

    thf_logic_formula       go to state 783
    thf_binary_formula      go to state 228
    thf_binary_nonassoc     go to state 229
    thf_binary_assoc        go to state 230
    thf_or_formula          go to state 231
    thf_and_formula         go to state 232
    thf_apply_formula       go to state 233
    thf_unit_formula        go to state 234
    thf_unitary_formula     go to state 235
    thf_quantified_formula  go to state 236
    thf_quantification      go to state 237
    thf_unary_formula       go to state 238
    thf_prefix_unary        go to state 239
    thf_infix_unary         go to state 240
    thf_atomic_formula      go to state 241
    thf_plain_atomic        go to state 242
    thf_defined_atomic      go to state 243
    thf_defined_term        go to state 244
    thf_defined_infix       go to state 245
    thf_system_atomic       go to state 246
    thf_let                 go to state 247
    thf_unitary_term        go to state 248
    thf_tuple               go to state 249
    thf_fof_function        go to state 250
    thf_unitary_type        go to state 252
    thf_binary_type         go to state 253
    thf_mapping_type        go to state 254
    thf_xprod_type          go to state 255
    thf_union_type          go to state 256
    thf_definition          go to state 258
    thf_sequent             go to state 259
    nhf_long_connective     go to state 260
    ntf_short_connective    go to state 261
    thf_quantifier          go to state 262
    thf_unary_connective    go to state 263
    th0_quantifier          go to state 264
    type_quantifier         go to state 265
    tff_quantifier          go to state 266
    fof_quantifier          go to state 198
    unary_connective        go to state 267
    constant                go to state 385
    functor                 go to state 271
    defined_constant        go to state 386
    defined_functor         go to state 273
    system_constant         go to state 274
    system_functor          go to state 275
    th1_defined_term        go to state 276
    defined_term            go to state 277
    variable                go to state 278
    atomic_word             go to state 120
    atomic_defined_word     go to state 121
    atomic_system_word      go to state 122
    number                  go to state 123


State 770

   77 thf_let: _DLR_let LPAREN thf_let_types COMMA thf_let_defns COMMA . thf_logic_formula RPAREN

    AT_AT_SIGN_MINUS         shift, and go to state 212
    AT_AT_SIGN_PLUS          shift, and go to state 213
    AT_SIGN_EQUALS           shift, and go to state 214
    AT_SIGN_MINUS            shift, and go to state 215
    AT_SIGN_PLUS             shift, and go to state 216
    CARET                    shift, and go to state 217
    EXCLAMATION              shift, and go to state 124
    EXCLAMATION_EXCLAMATION  shift, and go to state 218
    EXCLAMATION_GREATER      shift, and go to state 219
    LBRACE                   shift, and go to state 220
    LBRKT                    shift, and go to state 221
    LPAREN                   shift, and go to state 381
    QUESTION                 shift, and go to state 127
    QUESTION_QUESTION        shift, and go to state 223
    QUESTION_STAR            shift, and go to state 224
    TILDE                    shift, and go to state 128
    _DLR_let                 shift, and go to state 225
    back_quoted              shift, and go to state 27
    distinct_object          shift, and go to state 92
    dollar_dollar_word       shift, and go to state 93
    dollar_word              shift, and go to state 94
    hash                     shift, and go to state 164
    integer                  shift, and go to state 78
    less_sign                shift, and go to state 165
    lower_word               shift, and go to state 29
    rational                 shift, and go to state 79
    real                     shift, and go to state 80
    single_quoted            shift, and go to state 30
    upper_word               shift, and go to state 81

    thf_logic_formula       go to state 784
    thf_binary_formula      go to state 228
    thf_binary_nonassoc     go to state 229
    thf_binary_assoc        go to state 230
    thf_or_formula          go to state 231
    thf_and_formula         go to state 232
    thf_apply_formula       go to state 233
    thf_unit_formula        go to state 234
    thf_unitary_formula     go to state 235
    thf_quantified_formula  go to state 236
    thf_quantification      go to state 237
    thf_unary_formula       go to state 238
    thf_prefix_unary        go to state 239
    thf_infix_unary         go to state 240
    thf_atomic_formula      go to state 241
    thf_plain_atomic        go to state 242
    thf_defined_atomic      go to state 243
    thf_defined_term        go to state 244
    thf_defined_infix       go to state 245
    thf_system_atomic       go to state 246
    thf_let                 go to state 247
    thf_unitary_term        go to state 248
    thf_tuple               go to state 249
    thf_fof_function        go to state 250
    thf_unitary_type        go to state 252
    thf_binary_type         go to state 253
    thf_mapping_type        go to state 254
    thf_xprod_type          go to state 255
    thf_union_type          go to state 256
    thf_definition          go to state 258
    thf_sequent             go to state 259
    nhf_long_connective     go to state 260
    ntf_short_connective    go to state 261
    thf_quantifier          go to state 262
    thf_unary_connective    go to state 263
    th0_quantifier          go to state 264
    type_quantifier         go to state 265
    tff_quantifier          go to state 266
    fof_quantifier          go to state 198
    unary_connective        go to state 267
    constant                go to state 385
    functor                 go to state 271
    defined_constant        go to state 386
    defined_functor         go to state 273
    system_constant         go to state 274
    system_functor          go to state 275
    th1_defined_term        go to state 276
    defined_term            go to state 277
    variable                go to state 278
    atomic_word             go to state 120
    atomic_defined_word     go to state 121
    atomic_system_word      go to state 122
    number                  go to state 123


State 771

  388 file_info: COMMA name .

    $default  reduce using rule 388 (file_info)


State 772

  387 file_source: _LIT_file LPAREN file_name file_info RPAREN .

    $default  reduce using rule 387 (file_source)


State 773

  382 inference_record: _LIT_inference LPAREN inference_rule COMMA useful_info . COMMA parents RPAREN

    COMMA  shift, and go to state 785


State 774

  384 internal_source: _LIT_introduced LPAREN intro_type COMMA useful_info . COMMA parents RPAREN

    COMMA  shift, and go to state 786


State 775

  205 tf1_quantified_type: type_quantifier LBRKT tff_variable_list RBRKT COLON . tff_monotype

    EXCLAMATION_GREATER  shift, and go to state 219
    LBRKT                shift, and go to state 487
    LPAREN               shift, and go to state 787
    QUESTION_STAR        shift, and go to state 224
    back_quoted          shift, and go to state 27
    dollar_word          shift, and go to state 94
    lower_word           shift, and go to state 29
    single_quoted        shift, and go to state 30
    upper_word           shift, and go to state 81

    tf1_quantified_type  go to state 788
    tff_monotype         go to state 789
    tff_atomic_type      go to state 790
    txf_tuple_type       go to state 495
    type_quantifier      go to state 496
    type_constant        go to state 497
    type_functor         go to state 498
    defined_type         go to state 499
    variable             go to state 500
    atomic_word          go to state 501
    atomic_defined_word  go to state 502


State 776

  218 tff_type_arguments: tff_atomic_type COMMA tff_type_arguments .

    $default  reduce using rule 218 (tff_type_arguments)


State 777

  184 txf_let_defn_list: txf_let_defn COMMA . txf_let_defn_list

    LBRKT          shift, and go to state 532
    back_quoted    shift, and go to state 27
    lower_word     shift, and go to state 29
    single_quoted  shift, and go to state 30

    tff_plain_atomic   go to state 714
    txf_let_defn       go to state 756
    txf_let_LHS        go to state 717
    txf_let_defn_list  go to state 791
    txf_tuple          go to state 718
    constant           go to state 348
    functor            go to state 204
    atomic_word        go to state 120


State 778

  179 txf_let_defns: LBRKT txf_let_defn_list RBRKT .

    $default  reduce using rule 179 (txf_let_defns)


State 779

  173 txf_let: _DLR_let LPAREN txf_let_types COMMA txf_let_defns COMMA tff_term . RPAREN

    RPAREN  shift, and go to state 792


State 780

  180 txf_let_defn: txf_let_LHS assignment tff_term .

    $default  reduce using rule 180 (txf_let_defn)


State 781

   86 thf_let_defn_list: thf_let_defn COMMA . thf_let_defn_list

    AT_AT_SIGN_MINUS         shift, and go to state 212
    AT_AT_SIGN_PLUS          shift, and go to state 213
    AT_SIGN_EQUALS           shift, and go to state 214
    AT_SIGN_MINUS            shift, and go to state 215
    AT_SIGN_PLUS             shift, and go to state 216
    CARET                    shift, and go to state 217
    EXCLAMATION              shift, and go to state 124
    EXCLAMATION_EXCLAMATION  shift, and go to state 218
    EXCLAMATION_GREATER      shift, and go to state 219
    LBRACE                   shift, and go to state 220
    LBRKT                    shift, and go to state 221
    LPAREN                   shift, and go to state 381
    QUESTION                 shift, and go to state 127
    QUESTION_QUESTION        shift, and go to state 223
    QUESTION_STAR            shift, and go to state 224
    TILDE                    shift, and go to state 128
    _DLR_let                 shift, and go to state 225
    back_quoted              shift, and go to state 27
    distinct_object          shift, and go to state 92
    dollar_dollar_word       shift, and go to state 93
    dollar_word              shift, and go to state 94
    hash                     shift, and go to state 164
    integer                  shift, and go to state 78
    less_sign                shift, and go to state 165
    lower_word               shift, and go to state 29
    rational                 shift, and go to state 79
    real                     shift, and go to state 80
    single_quoted            shift, and go to state 30
    upper_word               shift, and go to state 81

    thf_logic_formula       go to state 730
    thf_binary_formula      go to state 228
    thf_binary_nonassoc     go to state 229
    thf_binary_assoc        go to state 230
    thf_or_formula          go to state 231
    thf_and_formula         go to state 232
    thf_apply_formula       go to state 233
    thf_unit_formula        go to state 234
    thf_unitary_formula     go to state 235
    thf_quantified_formula  go to state 236
    thf_quantification      go to state 237
    thf_unary_formula       go to state 238
    thf_prefix_unary        go to state 239
    thf_infix_unary         go to state 240
    thf_atomic_formula      go to state 241
    thf_plain_atomic        go to state 242
    thf_defined_atomic      go to state 243
    thf_defined_term        go to state 244
    thf_defined_infix       go to state 245
    thf_system_atomic       go to state 246
    thf_let                 go to state 247
    thf_let_defn            go to state 767
    thf_let_defn_list       go to state 793
    thf_unitary_term        go to state 248
    thf_tuple               go to state 249
    thf_fof_function        go to state 250
    thf_unitary_type        go to state 252
    thf_binary_type         go to state 253
    thf_mapping_type        go to state 254
    thf_xprod_type          go to state 255
    thf_union_type          go to state 256
    thf_definition          go to state 258
    thf_sequent             go to state 259
    nhf_long_connective     go to state 260
    ntf_short_connective    go to state 261
    thf_quantifier          go to state 262
    thf_unary_connective    go to state 263
    th0_quantifier          go to state 264
    type_quantifier         go to state 265
    tff_quantifier          go to state 266
    fof_quantifier          go to state 198
    unary_connective        go to state 267
    constant                go to state 385
    functor                 go to state 271
    defined_constant        go to state 386
    defined_functor         go to state 273
    system_constant         go to state 274
    system_functor          go to state 275
    th1_defined_term        go to state 276
    defined_term            go to state 277
    variable                go to state 278
    atomic_word             go to state 120
    atomic_defined_word     go to state 121
    atomic_system_word      go to state 122
    number                  go to state 123


State 782

   83 thf_let_defns: LBRKT thf_let_defn_list RBRKT .

    $default  reduce using rule 83 (thf_let_defns)


State 783

   84 thf_let_defn: thf_logic_formula assignment thf_logic_formula .

    $default  reduce using rule 84 (thf_let_defn)


State 784

   77 thf_let: _DLR_let LPAREN thf_let_types COMMA thf_let_defns COMMA thf_logic_formula . RPAREN

    RPAREN  shift, and go to state 794


State 785

  382 inference_record: _LIT_inference LPAREN inference_rule COMMA useful_info COMMA . parents RPAREN

    LBRKT  shift, and go to state 795

    parents  go to state 796


State 786

  384 internal_source: _LIT_introduced LPAREN intro_type COMMA useful_info COMMA . parents RPAREN

    LBRKT  shift, and go to state 795

    parents  go to state 797


State 787

  207 tff_monotype: LPAREN . tff_mapping_type RPAREN
  215 tff_atomic_type: LPAREN . tff_atomic_type RPAREN

    LBRKT          shift, and go to state 487
    LPAREN         shift, and go to state 798
    back_quoted    shift, and go to state 27
    dollar_word    shift, and go to state 94
    lower_word     shift, and go to state 29
    single_quoted  shift, and go to state 30
    upper_word     shift, and go to state 81

    tff_unitary_type     go to state 492
    tff_atomic_type      go to state 636
    tff_mapping_type     go to state 799
    txf_tuple_type       go to state 495
    type_constant        go to state 497
    type_functor         go to state 498
    defined_type         go to state 499
    variable             go to state 500
    atomic_word          go to state 501
    atomic_defined_word  go to state 502


State 788

  208 tff_monotype: tf1_quantified_type .

    $default  reduce using rule 208 (tff_monotype)


State 789

  205 tf1_quantified_type: type_quantifier LBRKT tff_variable_list RBRKT COLON tff_monotype .

    $default  reduce using rule 205 (tf1_quantified_type)


State 790

  206 tff_monotype: tff_atomic_type .

    $default  reduce using rule 206 (tff_monotype)


State 791

  184 txf_let_defn_list: txf_let_defn COMMA txf_let_defn_list .

    $default  reduce using rule 184 (txf_let_defn_list)


State 792

  173 txf_let: _DLR_let LPAREN txf_let_types COMMA txf_let_defns COMMA tff_term RPAREN .

    $default  reduce using rule 173 (txf_let)


State 793

   86 thf_let_defn_list: thf_let_defn COMMA thf_let_defn_list .

    $default  reduce using rule 86 (thf_let_defn_list)


State 794

   77 thf_let: _DLR_let LPAREN thf_let_types COMMA thf_let_defns COMMA thf_logic_formula RPAREN .

    $default  reduce using rule 77 (thf_let)


State 795

  390 parents: LBRKT . RBRKT
  391        | LBRKT . parent_list RBRKT

    LBRKT            shift, and go to state 451
    RBRKT            shift, and go to state 800
    _LIT_file        shift, and go to state 452
    _LIT_inference   shift, and go to state 453
    _LIT_introduced  shift, and go to state 454
    back_quoted      shift, and go to state 27
    integer          shift, and go to state 28
    lower_word       shift, and go to state 29
    single_quoted    shift, and go to state 30

    source            go to state 801
    dag_source        go to state 456
    inference_record  go to state 457
    internal_source   go to state 458
    external_source   go to state 459
    file_source       go to state 460
    parent_list       go to state 802
    parent_info       go to state 803
    name              go to state 461
    atomic_word       go to state 32


State 796

  382 inference_record: _LIT_inference LPAREN inference_rule COMMA useful_info COMMA parents . RPAREN

    RPAREN  shift, and go to state 804


State 797

  384 internal_source: _LIT_introduced LPAREN intro_type COMMA useful_info COMMA parents . RPAREN

    RPAREN  shift, and go to state 805


State 798

  210 tff_unitary_type: LPAREN . tff_xprod_type RPAREN
  215 tff_atomic_type: LPAREN . tff_atomic_type RPAREN

    LBRKT          shift, and go to state 487
    LPAREN         shift, and go to state 798
    back_quoted    shift, and go to state 27
    dollar_word    shift, and go to state 94
    lower_word     shift, and go to state 29
    single_quoted  shift, and go to state 30
    upper_word     shift, and go to state 81

    tff_unitary_type     go to state 806
    tff_atomic_type      go to state 636
    tff_xprod_type       go to state 637
    txf_tuple_type       go to state 495
    type_constant        go to state 497
    type_functor         go to state 498
    defined_type         go to state 499
    variable             go to state 500
    atomic_word          go to state 501
    atomic_defined_word  go to state 502


State 799

  207 tff_monotype: LPAREN tff_mapping_type . RPAREN

    RPAREN  shift, and go to state 807


State 800

  390 parents: LBRKT RBRKT .

    $default  reduce using rule 390 (parents)


State 801

  394 parent_info: source . parent_details

    COLON  shift, and go to state 808

    $default  reduce using rule 439 (nothing)

    parent_details  go to state 809
    nothing         go to state 810


State 802

  391 parents: LBRKT parent_list . RBRKT

    RBRKT  shift, and go to state 811


State 803

  392 parent_list: parent_info .
  393            | parent_info . COMMA parent_list

    COMMA  shift, and go to state 812

    $default  reduce using rule 392 (parent_list)


State 804

  382 inference_record: _LIT_inference LPAREN inference_rule COMMA useful_info COMMA parents RPAREN .

    $default  reduce using rule 382 (inference_record)


State 805

  384 internal_source: _LIT_introduced LPAREN intro_type COMMA useful_info COMMA parents RPAREN .

    $default  reduce using rule 384 (internal_source)


State 806

  220 tff_xprod_type: tff_unitary_type . STAR tff_atomic_type

    STAR  shift, and go to state 700


State 807

  207 tff_monotype: LPAREN tff_mapping_type RPAREN .

    $default  reduce using rule 207 (tff_monotype)


State 808

  395 parent_details: COLON . general_term

    LBRKT            shift, and go to state 71
    _DLR_cnf         shift, and go to state 72
    _DLR_fof         shift, and go to state 73
    _DLR_fot         shift, and go to state 74
    _DLR_tff         shift, and go to state 75
    _DLR_thf         shift, and go to state 76
    back_quoted      shift, and go to state 27
    distinct_object  shift, and go to state 77
    integer          shift, and go to state 78
    lower_word       shift, and go to state 29
    rational         shift, and go to state 79
    real             shift, and go to state 80
    single_quoted    shift, and go to state 30
    upper_word       shift, and go to state 81

    variable          go to state 82
    general_term      go to state 813
    general_data      go to state 84
    general_function  go to state 85
    formula_data      go to state 86
    general_list      go to state 87
    atomic_word       go to state 88
    number            go to state 89


State 809

  394 parent_info: source parent_details .

    $default  reduce using rule 394 (parent_info)


State 810

  396 parent_details: nothing .

    $default  reduce using rule 396 (parent_details)


State 811

  391 parents: LBRKT parent_list RBRKT .

    $default  reduce using rule 391 (parents)


State 812

  393 parent_list: parent_info COMMA . parent_list

    LBRKT            shift, and go to state 451
    _LIT_file        shift, and go to state 452
    _LIT_inference   shift, and go to state 453
    _LIT_introduced  shift, and go to state 454
    back_quoted      shift, and go to state 27
    integer          shift, and go to state 28
    lower_word       shift, and go to state 29
    single_quoted    shift, and go to state 30

    source            go to state 801
    dag_source        go to state 456
    inference_record  go to state 457
    internal_source   go to state 458
    external_source   go to state 459
    file_source       go to state 460
    parent_list       go to state 814
    parent_info       go to state 803
    name              go to state 461
    atomic_word       go to state 32


State 813

  395 parent_details: COLON general_term .

    $default  reduce using rule 395 (parent_details)


State 814

  393 parent_list: parent_info COMMA parent_list .

    $default  reduce using rule 393 (parent_list)
